id_tweets,sentiment_llama,prompt
1,positive,1
1,neutral,2
1,negative,3
1,positive,4
1,negative,5
1,negative,6
1,neutral,7
1,negative,8
2,negative,1
2,negative,2
2,negative,3
2,negative,4
2,positive,5
2,positive,6
2,negative,7
2,negative,8
3,negative,1
3,negative,2
3,negative,3
3,negative,4
3,negative,5
3,negative,6
3,negative,7
3,negative,8
4,negative,1
4,negative,2
4,negative,3
4,negative,4
4,negative,5
4,negative,6
4,positive,7
4,negative,8
5,neutral,1
5,neutral,2
5,negative,3
5,positive,4
5,positive,5
5,positive,6
5,neutral,7
5,negative,8
7,neutral,1
7,negative,2
7,negative,3
7,negative,4
7,negative,5
7,negative,6
7,negative,7
7,negative,8
8,positive,1
8,neutral,2
8,positive,3
8,neutral,4
8,positive,5
8,negative,6
8,positive,7
8,positive,8
9,neutral,1
9,neutral,2
9,negative,3
9,neutral,4
9,negative,5
9,positive,6
9,positive,7
9,negative,8
10,positive,1
10,positive,2
10,positive,3
10,positive,4
10,positive,5
10,negative,6
10,positive,7
10,positive,8
13,neutral,1
13,negative,2
13,negative,3
13,negative,4
13,negative,5
13,negative,6
13,positive,7
13,negative,8
14,negative,1
14,negative,2
14,negative,3
14,negative,4
14,negative,5
14,positive,6
14,negative,7
14,negative,8
15,negative,1
15,negative,2
15,neutral,3
15,positive,4
15,negative,5
15,negative,6
15,positive,7
15,neutral,8
17,negative,1
17,negative,2
17,negative,3
17,negative,4
17,negative,5
17,negative,6
17,negative,7
17,negative,8
18,neutral,1
18,positive,2
18,positive,3
18,positive,4
18,positive,5
18,positive,6
18,positive,7
18,positive,8
20,positive,1
20,neutral,2
20,negative,3
20,positive,4
20,negative,5
20,positive,6
20,positive,7
20,negative,8
21,negative,1
21,neutral,2
21,negative,3
21,positive,4
21,positive,5
21,negative,6
21,negative,7
21,negative,8
25,neutral,1
25,neutral,2
25,neutral,3
25,positive,4
25,negative,5
25,positive,6
25,positive,7
25,neutral,8
26,neutral,1
26,positive,2
26,positive,3
26,positive,4
26,neutral,5
26,positive,6
26,negative,7
26,positive,8
27,positive,1
27,negative,2
27,negative,3
27,negative,4
27,positive,5
27,positive,6
27,neutral,7
27,negative,8
28,negative,1
28,negative,2
28,negative,3
28,negative,4
28,positive,5
28,negative,6
28,negative,7
28,negative,8
30,positive,1
30,neutral,2
30,negative,3
30,neutral,4
30,positive,5
30,positive,6
30,neutral,7
30,negative,8
31,neutral,1
31,neutral,2
31,neutral,3
31,negative,4
31,negative,5
31,positive,6
31,negative,7
31,neutral,8
32,positive,1
32,neutral,2
32,neutral,3
32,positive,4
32,negative,5
32,positive,6
32,negative,7
32,neutral,8
33,positive,1
33,neutral,2
33,neutral,3
33,positive,4
33,negative,5
33,negative,6
33,positive,7
33,neutral,8
34,positive,1
34,negative,2
34,negative,3
34,negative,4
34,positive,5
34,negative,6
34,negative,7
34,negative,8
36,negative,1
36,negative,2
36,negative,3
36,negative,4
36,positive,5
36,positive,6
36,positive,7
36,negative,8
37,positive,1
37,neutral,2
37,neutral,3
37,neutral,4
37,positive,5
37,negative,6
37,negative,7
37,neutral,8
39,neutral,1
39,neutral,2
39,neutral,3
39,positive,4
39,neutral,5
39,positive,6
39,negative,7
39,neutral,8
40,neutral,1
40,negative,2
40,neutral,3
40,negative,4
40,positive,5
40,positive,6
40,positive,7
40,neutral,8
41,neutral,1
41,neutral,2
41,neutral,3
41,neutral,4
41,positive,5
41,neutral,6
41,positive,7
41,neutral,8
43,negative,1
43,negative,2
43,negative,3
43,negative,4
43,negative,5
43,negative,6
43,negative,7
43,negative,8
44,neutral,1
44,positive,2
44,positive,3
44,positive,4
44,positive,5
44,positive,6
44,positive,7
44,positive,8
45,neutral,1
45,negative,2
45,negative,3
45,negative,4
45,negative,5
45,negative,6
45,neutral,7
45,negative,8
46,neutral,1
46,neutral,2
46,neutral,3
46,neutral,4
46,positive,5
46,negative,6
46,neutral,7
46,neutral,8
47,negative,1
47,negative,2
47,negative,3
47,negative,4
47,negative,5
47,negative,6
47,neutral,7
47,negative,8
50,neutral,1
50,negative,2
50,positive,3
50,positive,4
50,positive,5
50,positive,6
50,positive,7
50,positive,8
51,positive,1
51,negative,2
51,negative,3
51,positive,4
51,negative,5
51,negative,6
51,negative,7
51,negative,8
54,neutral,1
54,negative,2
54,negative,3
54,negative,4
54,negative,5
54,negative,6
54,negative,7
54,negative,8
57,neutral,1
57,neutral,2
57,negative,3
57,positive,4
57,neutral,5
57,neutral,6
57,neutral,7
57,negative,8
58,negative,1
58,negative,2
58,neutral,3
58,negative,4
58,negative,5
58,negative,6
58,positive,7
58,neutral,8
59,neutral,1
59,positive,2
59,positive,3
59,positive,4
59,negative,5
59,positive,6
59,positive,7
59,positive,8
60,neutral,1
60,neutral,2
60,negative,3
60,neutral,4
60,neutral,5
60,positive,6
60,positive,7
60,negative,8
61,neutral,1
61,neutral,2
61,neutral,3
61,neutral,4
61,positive,5
61,positive,6
61,neutral,7
61,neutral,8
62,negative,1
62,negative,2
62,negative,3
62,negative,4
62,negative,5
62,negative,6
62,positive,7
62,negative,8
63,positive,1
63,neutral,2
63,negative,3
63,negative,4
63,positive,5
63,positive,6
63,negative,7
63,negative,8
64,positive,1
64,neutral,2
64,negative,3
64,neutral,4
64,negative,5
64,positive,6
64,neutral,7
64,negative,8
65,positive,1
65,neutral,2
65,negative,3
65,neutral,4
65,positive,5
65,negative,6
65,positive,7
65,negative,8
66,neutral,1
66,neutral,2
66,negative,3
66,negative,4
66,positive,5
66,negative,6
66,positive,7
66,negative,8
67,neutral,1
67,negative,2
67,negative,3
67,neutral,4
67,negative,5
67,negative,6
67,positive,7
67,negative,8
68,positive,1
68,negative,2
68,negative,3
68,negative,4
68,negative,5
68,negative,6
68,negative,7
68,negative,8
69,positive,1
69,neutral,2
69,negative,3
69,neutral,4
69,negative,5
69,positive,6
69,neutral,7
69,negative,8
70,positive,1
70,neutral,2
70,negative,3
70,negative,4
70,negative,5
70,negative,6
70,positive,7
70,negative,8
76,positive,1
76,neutral,2
76,neutral,3
76,negative,4
76,negative,5
76,negative,6
76,negative,7
76,neutral,8
77,neutral,1
77,neutral,2
77,negative,3
77,positive,4
77,positive,5
77,positive,6
77,negative,7
77,negative,8
78,negative,1
78,negative,2
78,negative,3
78,negative,4
78,negative,5
78,negative,6
78,negative,7
78,negative,8
79,positive,1
79,positive,2
79,positive,3
79,positive,4
79,positive,5
79,positive,6
79,positive,7
79,positive,8
80,neutral,1
80,negative,2
80,negative,3
80,negative,4
80,negative,5
80,negative,6
80,positive,7
80,negative,8
81,negative,1
81,negative,2
81,negative,3
81,negative,4
81,negative,5
81,negative,6
81,negative,7
81,negative,8
82,positive,1
82,neutral,2
82,negative,3
82,positive,4
82,positive,5
82,negative,6
82,positive,7
82,negative,8
83,neutral,1
83,neutral,2
83,negative,3
83,negative,4
83,positive,5
83,negative,6
83,positive,7
83,negative,8
84,positive,1
84,positive,2
84,negative,3
84,positive,4
84,positive,5
84,negative,6
84,positive,7
84,negative,8
87,neutral,1
87,neutral,2
87,positive,3
87,positive,4
87,positive,5
87,positive,6
87,positive,7
87,positive,8
89,negative,1
89,negative,2
89,neutral,3
89,positive,4
89,negative,5
89,negative,6
89,negative,7
89,neutral,8
90,positive,1
90,neutral,2
90,negative,3
90,positive,4
90,positive,5
90,positive,6
90,neutral,7
90,negative,8
92,positive,1
92,neutral,2
92,positive,3
92,positive,4
92,positive,5
92,negative,6
92,negative,7
92,positive,8
94,neutral,1
94,neutral,2
94,negative,3
94,positive,4
94,negative,5
94,negative,6
94,positive,7
94,negative,8
95,neutral,1
95,neutral,2
95,neutral,3
95,negative,4
95,negative,5
95,positive,6
95,negative,7
95,neutral,8
97,positive,1
97,neutral,2
97,negative,3
97,positive,4
97,negative,5
97,neutral,6
97,positive,7
97,negative,8
98,positive,1
98,neutral,2
98,neutral,3
98,positive,4
98,positive,5
98,positive,6
98,positive,7
98,neutral,8
99,neutral,1
99,negative,2
99,negative,3
99,negative,4
99,negative,5
99,negative,6
99,positive,7
99,negative,8
100,negative,1
100,negative,2
100,negative,3
100,negative,4
100,negative,5
100,negative,6
100,negative,7
100,negative,8
101,positive,1
101,neutral,2
101,negative,3
101,positive,4
101,negative,5
101,neutral,6
101,neutral,7
101,negative,8
102,negative,1
102,negative,2
102,negative,3
102,negative,4
102,positive,5
102,negative,6
102,positive,7
102,negative,8
103,neutral,1
103,neutral,2
103,negative,3
103,neutral,4
103,negative,5
103,negative,6
103,positive,7
103,negative,8
104,neutral,1
104,neutral,2
104,negative,3
104,positive,4
104,positive,5
104,neutral,6
104,neutral,7
104,negative,8
105,positive,1
105,neutral,2
105,neutral,3
105,positive,4
105,positive,5
105,positive,6
105,positive,7
105,neutral,8
107,positive,1
107,neutral,2
107,neutral,3
107,positive,4
107,neutral,5
107,negative,6
107,neutral,7
107,neutral,8
108,neutral,1
108,positive,2
108,neutral,3
108,positive,4
108,positive,5
108,positive,6
108,neutral,7
108,neutral,8
109,neutral,1
109,neutral,2
109,negative,3
109,negative,4
109,positive,5
109,negative,6
109,neutral,7
109,negative,8
110,positive,1
110,neutral,2
110,neutral,3
110,neutral,4
110,positive,5
110,positive,6
110,positive,7
110,neutral,8
111,neutral,1
111,neutral,2
111,neutral,3
111,positive,4
111,positive,5
111,positive,6
111,positive,7
111,neutral,8
112,neutral,1
112,negative,2
112,negative,3
112,positive,4
112,neutral,5
112,negative,6
112,negative,7
112,negative,8
114,positive,1
114,neutral,2
114,positive,3
114,positive,4
114,positive,5
114,positive,6
114,neutral,7
114,positive,8
116,negative,1
116,negative,2
116,negative,3
116,negative,4
116,negative,5
116,negative,6
116,negative,7
116,negative,8
117,positive,1
117,positive,2
117,positive,3
117,positive,4
117,positive,5
117,positive,6
117,positive,7
117,positive,8
118,neutral,1
118,neutral,2
118,positive,3
118,negative,4
118,positive,5
118,negative,6
118,neutral,7
118,positive,8
119,negative,1
119,negative,2
119,negative,3
119,negative,4
119,negative,5
119,negative,6
119,negative,7
119,negative,8
120,negative,1
120,negative,2
120,negative,3
120,negative,4
120,negative,5
120,negative,6
120,neutral,7
120,negative,8
123,positive,1
123,neutral,2
123,neutral,3
123,neutral,4
123,positive,5
123,positive,6
123,positive,7
123,neutral,8
124,positive,1
124,neutral,2
124,neutral,3
124,negative,4
124,negative,5
124,positive,6
124,neutral,7
124,neutral,8
125,neutral,1
125,neutral,2
125,neutral,3
125,neutral,4
125,neutral,5
125,positive,6
125,neutral,7
125,neutral,8
126,positive,1
126,neutral,2
126,neutral,3
126,positive,4
126,positive,5
126,negative,6
126,positive,7
126,neutral,8
128,positive,1
128,neutral,2
128,neutral,3
128,neutral,4
128,positive,5
128,negative,6
128,positive,7
128,neutral,8
129,positive,1
129,neutral,2
129,negative,3
129,neutral,4
129,positive,5
129,positive,6
129,positive,7
129,negative,8
130,positive,1
130,neutral,2
130,neutral,3
130,positive,4
130,negative,5
130,negative,6
130,negative,7
130,neutral,8
131,positive,1
131,neutral,2
131,negative,3
131,positive,4
131,neutral,5
131,negative,6
131,neutral,7
131,negative,8
132,negative,1
132,negative,2
132,negative,3
132,negative,4
132,negative,5
132,negative,6
132,positive,7
132,negative,8
133,neutral,1
133,neutral,2
133,neutral,3
133,positive,4
133,negative,5
133,negative,6
133,positive,7
133,neutral,8
137,negative,1
137,negative,2
137,negative,3
137,negative,4
137,negative,5
137,negative,6
137,negative,7
137,negative,8
138,negative,1
138,negative,2
138,negative,3
138,positive,4
138,positive,5
138,negative,6
138,positive,7
138,negative,8
139,neutral,1
139,neutral,2
139,neutral,3
139,neutral,4
139,positive,5
139,neutral,6
139,neutral,7
139,neutral,8
140,negative,1
140,negative,2
140,negative,3
140,negative,4
140,negative,5
140,negative,6
140,positive,7
140,negative,8
141,neutral,1
141,positive,2
141,positive,3
141,positive,4
141,positive,5
141,positive,6
141,negative,7
141,positive,8
143,positive,1
143,neutral,2
143,neutral,3
143,positive,4
143,positive,5
143,negative,6
143,negative,7
143,neutral,8
144,neutral,1
144,positive,2
144,positive,3
144,positive,4
144,positive,5
144,positive,6
144,positive,7
144,positive,8
145,neutral,1
145,positive,2
145,positive,3
145,positive,4
145,negative,5
145,negative,6
145,positive,7
145,positive,8
146,negative,1
146,negative,2
146,negative,3
146,negative,4
146,negative,5
146,positive,6
146,positive,7
146,negative,8
147,negative,1
147,negative,2
147,negative,3
147,negative,4
147,negative,5
147,negative,6
147,negative,7
147,negative,8
149,positive,1
149,positive,2
149,neutral,3
149,positive,4
149,positive,5
149,negative,6
149,positive,7
149,neutral,8
151,positive,1
151,neutral,2
151,negative,3
151,positive,4
151,negative,5
151,negative,6
151,positive,7
151,negative,8
152,positive,1
152,neutral,2
152,neutral,3
152,neutral,4
152,positive,5
152,negative,6
152,positive,7
152,neutral,8
153,negative,1
153,negative,2
153,neutral,3
153,positive,4
153,positive,5
153,positive,6
153,neutral,7
153,neutral,8
154,neutral,1
154,neutral,2
154,positive,3
154,positive,4
154,positive,5
154,negative,6
154,positive,7
154,positive,8
155,neutral,1
155,neutral,2
155,negative,3
155,neutral,4
155,negative,5
155,negative,6
155,neutral,7
155,negative,8
156,neutral,1
156,negative,2
156,negative,3
156,negative,4
156,negative,5
156,negative,6
156,positive,7
156,negative,8
157,neutral,1
157,negative,2
157,negative,3
157,negative,4
157,positive,5
157,negative,6
157,neutral,7
157,negative,8
158,neutral,1
158,negative,2
158,neutral,3
158,neutral,4
158,negative,5
158,positive,6
158,positive,7
158,neutral,8
159,positive,1
159,positive,2
159,positive,3
159,positive,4
159,negative,5
159,neutral,6
159,positive,7
159,positive,8
163,neutral,1
163,neutral,2
163,neutral,3
163,positive,4
163,positive,5
163,negative,6
163,positive,7
163,neutral,8
165,negative,1
165,negative,2
165,negative,3
165,negative,4
165,positive,5
165,positive,6
165,negative,7
165,negative,8
168,positive,1
168,neutral,2
168,neutral,3
168,positive,4
168,negative,5
168,positive,6
168,neutral,7
168,neutral,8
169,positive,1
169,negative,2
169,negative,3
169,negative,4
169,negative,5
169,positive,6
169,negative,7
169,negative,8
170,positive,1
170,neutral,2
170,negative,3
170,positive,4
170,neutral,5
170,negative,6
170,negative,7
170,negative,8
171,positive,1
171,neutral,2
171,neutral,3
171,negative,4
171,negative,5
171,positive,6
171,positive,7
171,neutral,8
173,neutral,1
173,negative,2
173,negative,3
173,negative,4
173,negative,5
173,negative,6
173,negative,7
173,negative,8
174,positive,1
174,positive,2
174,positive,3
174,positive,4
174,positive,5
174,positive,6
174,positive,7
174,positive,8
175,neutral,1
175,neutral,2
175,neutral,3
175,negative,4
175,positive,5
175,positive,6
175,neutral,7
175,neutral,8
176,neutral,1
176,neutral,2
176,negative,3
176,neutral,4
176,positive,5
176,positive,6
176,neutral,7
176,negative,8
177,positive,1
177,positive,2
177,positive,3
177,positive,4
177,positive,5
177,positive,6
177,positive,7
177,positive,8
178,negative,1
178,negative,2
178,negative,3
178,negative,4
178,negative,5
178,negative,6
178,negative,7
178,negative,8
181,positive,1
181,neutral,2
181,neutral,3
181,neutral,4
181,positive,5
181,positive,6
181,positive,7
181,neutral,8
182,positive,1
182,negative,2
182,negative,3
182,positive,4
182,positive,5
182,positive,6
182,negative,7
182,negative,8
183,positive,1
183,neutral,2
183,neutral,3
183,positive,4
183,positive,5
183,neutral,6
183,positive,7
183,neutral,8
184,neutral,1
184,positive,2
184,negative,3
184,negative,4
184,negative,5
184,negative,6
184,positive,7
184,negative,8
186,positive,1
186,neutral,2
186,negative,3
186,neutral,4
186,positive,5
186,positive,6
186,negative,7
186,negative,8
187,positive,1
187,positive,2
187,positive,3
187,positive,4
187,positive,5
187,positive,6
187,positive,7
187,positive,8
189,positive,1
189,positive,2
189,positive,3
189,positive,4
189,positive,5
189,positive,6
189,positive,7
189,positive,8
191,neutral,1
191,neutral,2
191,negative,3
191,negative,4
191,positive,5
191,negative,6
191,neutral,7
191,negative,8
192,neutral,1
192,neutral,2
192,neutral,3
192,positive,4
192,positive,5
192,positive,6
192,positive,7
192,neutral,8
194,positive,1
194,neutral,2
194,negative,3
194,positive,4
194,negative,5
194,negative,6
194,neutral,7
194,negative,8
195,positive,1
195,neutral,2
195,negative,3
195,positive,4
195,positive,5
195,positive,6
195,positive,7
195,negative,8
197,neutral,1
197,neutral,2
197,negative,3
197,positive,4
197,positive,5
197,positive,6
197,neutral,7
197,negative,8
198,neutral,1
198,neutral,2
198,neutral,3
198,neutral,4
198,positive,5
198,negative,6
198,neutral,7
198,neutral,8
199,neutral,1
199,neutral,2
199,negative,3
199,negative,4
199,positive,5
199,negative,6
199,negative,7
199,negative,8
200,neutral,1
200,neutral,2
200,neutral,3
200,positive,4
200,positive,5
200,positive,6
200,positive,7
200,neutral,8
201,neutral,1
201,negative,2
201,negative,3
201,negative,4
201,positive,5
201,negative,6
201,negative,7
201,negative,8
202,neutral,1
202,neutral,2
202,negative,3
202,negative,4
202,positive,5
202,positive,6
202,positive,7
202,negative,8
203,positive,1
203,neutral,2
203,negative,3
203,negative,4
203,positive,5
203,neutral,6
203,positive,7
203,negative,8
204,neutral,1
204,negative,2
204,negative,3
204,negative,4
204,positive,5
204,negative,6
204,negative,7
204,negative,8
205,neutral,1
205,neutral,2
205,neutral,3
205,positive,4
205,negative,5
205,positive,6
205,neutral,7
205,neutral,8
206,positive,1
206,neutral,2
206,negative,3
206,positive,4
206,negative,5
206,positive,6
206,positive,7
206,negative,8
207,neutral,1
207,neutral,2
207,positive,3
207,positive,4
207,negative,5
207,neutral,6
207,negative,7
207,positive,8
208,neutral,1
208,neutral,2
208,neutral,3
208,neutral,4
208,neutral,5
208,positive,6
208,neutral,7
208,neutral,8
209,neutral,1
209,negative,2
209,negative,3
209,negative,4
209,negative,5
209,negative,6
209,positive,7
209,negative,8
211,neutral,1
211,neutral,2
211,neutral,3
211,neutral,4
211,negative,5
211,positive,6
211,negative,7
211,neutral,8
212,positive,1
212,neutral,2
212,negative,3
212,positive,4
212,positive,5
212,neutral,6
212,negative,7
212,negative,8
214,neutral,1
214,neutral,2
214,neutral,3
214,positive,4
214,positive,5
214,neutral,6
214,positive,7
214,neutral,8
215,positive,1
215,neutral,2
215,neutral,3
215,positive,4
215,positive,5
215,positive,6
215,positive,7
215,neutral,8
216,neutral,1
216,neutral,2
216,neutral,3
216,neutral,4
216,positive,5
216,negative,6
216,positive,7
216,neutral,8
219,positive,1
219,neutral,2
219,neutral,3
219,positive,4
219,positive,5
219,positive,6
219,negative,7
219,neutral,8
220,positive,1
220,neutral,2
220,neutral,3
220,neutral,4
220,positive,5
220,negative,6
220,positive,7
220,neutral,8
221,neutral,1
221,negative,2
221,negative,3
221,negative,4
221,positive,5
221,negative,6
221,negative,7
221,negative,8
222,positive,1
222,neutral,2
222,negative,3
222,positive,4
222,positive,5
222,positive,6
222,positive,7
222,negative,8
223,positive,1
223,negative,2
223,neutral,3
223,neutral,4
223,negative,5
223,negative,6
223,positive,7
223,neutral,8
224,neutral,1
224,positive,2
224,positive,3
224,positive,4
224,negative,5
224,negative,6
224,negative,7
224,positive,8
225,neutral,1
225,negative,2
225,negative,3
225,negative,4
225,positive,5
225,negative,6
225,positive,7
225,negative,8
227,neutral,1
227,neutral,2
227,negative,3
227,neutral,4
227,positive,5
227,positive,6
227,positive,7
227,negative,8
229,neutral,1
229,negative,2
229,negative,3
229,negative,4
229,positive,5
229,positive,6
229,negative,7
229,negative,8
230,negative,1
230,negative,2
230,negative,3
230,negative,4
230,negative,5
230,negative,6
230,neutral,7
230,negative,8
231,neutral,1
231,negative,2
231,negative,3
231,negative,4
231,positive,5
231,negative,6
231,negative,7
231,negative,8
234,positive,1
234,neutral,2
234,negative,3
234,neutral,4
234,negative,5
234,positive,6
234,positive,7
234,negative,8
236,positive,1
236,negative,2
236,neutral,3
236,negative,4
236,positive,5
236,positive,6
236,negative,7
236,neutral,8
237,neutral,1
237,neutral,2
237,negative,3
237,negative,4
237,neutral,5
237,negative,6
237,neutral,7
237,negative,8
238,negative,1
238,neutral,2
238,negative,3
238,positive,4
238,negative,5
238,positive,6
238,neutral,7
238,negative,8
240,neutral,1
240,neutral,2
240,neutral,3
240,positive,4
240,positive,5
240,negative,6
240,positive,7
240,neutral,8
242,negative,1
242,negative,2
242,negative,3
242,negative,4
242,negative,5
242,negative,6
242,negative,7
242,negative,8
243,neutral,1
243,neutral,2
243,neutral,3
243,neutral,4
243,positive,5
243,positive,6
243,negative,7
243,neutral,8
244,neutral,1
244,negative,2
244,neutral,3
244,negative,4
244,negative,5
244,negative,6
244,neutral,7
244,neutral,8
245,positive,1
245,negative,2
245,negative,3
245,negative,4
245,negative,5
245,negative,6
245,positive,7
245,negative,8
247,neutral,1
247,neutral,2
247,negative,3
247,neutral,4
247,positive,5
247,positive,6
247,positive,7
247,negative,8
248,positive,1
248,neutral,2
248,negative,3
248,positive,4
248,negative,5
248,negative,6
248,positive,7
248,neutral,8
249,negative,1
249,neutral,2
249,positive,3
249,positive,4
249,positive,5
249,positive,6
249,positive,7
249,positive,8
250,positive,1
250,positive,2
250,positive,3
250,positive,4
250,positive,5
250,positive,6
250,positive,7
250,positive,8
252,negative,1
252,negative,2
252,negative,3
252,negative,4
252,negative,5
252,negative,6
252,negative,7
252,negative,8
254,positive,1
254,neutral,2
254,negative,3
254,negative,4
254,positive,5
254,negative,6
254,positive,7
254,negative,8
255,positive,1
255,neutral,2
255,neutral,3
255,positive,4
255,positive,5
255,negative,6
255,positive,7
255,neutral,8
256,neutral,1
256,neutral,2
256,neutral,3
256,positive,4
256,positive,5
256,negative,6
256,positive,7
256,neutral,8
257,neutral,1
257,neutral,2
257,negative,3
257,negative,4
257,positive,5
257,negative,6
257,negative,7
257,negative,8
258,neutral,1
258,neutral,2
258,neutral,3
258,negative,4
258,neutral,5
258,positive,6
258,neutral,7
258,neutral,8
260,negative,1
260,neutral,2
260,neutral,3
260,neutral,4
260,positive,5
260,negative,6
260,positive,7
260,neutral,8
262,positive,1
262,neutral,2
262,negative,3
262,positive,4
262,positive,5
262,positive,6
262,positive,7
262,negative,8
263,neutral,1
263,negative,2
263,negative,3
263,negative,4
263,negative,5
263,negative,6
263,neutral,7
263,negative,8
265,neutral,1
265,neutral,2
265,negative,3
265,positive,4
265,positive,5
265,positive,6
265,positive,7
265,negative,8
266,neutral,1
266,negative,2
266,neutral,3
266,negative,4
266,positive,5
266,negative,6
266,negative,7
266,neutral,8
267,negative,1
267,negative,2
267,negative,3
267,negative,4
267,positive,5
267,negative,6
267,positive,7
267,negative,8
270,positive,1
270,neutral,2
270,neutral,3
270,positive,4
270,negative,5
270,negative,6
270,neutral,7
270,neutral,8
271,positive,1
271,neutral,2
271,negative,3
271,negative,4
271,negative,5
271,positive,6
271,negative,7
271,negative,8
272,positive,1
272,positive,2
272,positive,3
272,neutral,4
272,positive,5
272,positive,6
272,positive,7
272,positive,8
273,neutral,1
273,negative,2
273,negative,3
273,negative,4
273,negative,5
273,negative,6
273,positive,7
273,negative,8
274,neutral,1
274,neutral,2
274,neutral,3
274,neutral,4
274,positive,5
274,negative,6
274,negative,7
274,neutral,8
275,negative,1
275,negative,2
275,negative,3
275,negative,4
275,negative,5
275,negative,6
275,neutral,7
275,negative,8
276,positive,1
276,positive,2
276,positive,3
276,positive,4
276,positive,5
276,negative,6
276,negative,7
276,positive,8
279,positive,1
279,neutral,2
279,neutral,3
279,neutral,4
279,neutral,5
279,positive,6
279,neutral,7
279,neutral,8
284,neutral,1
284,negative,2
284,negative,3
284,positive,4
284,positive,5
284,negative,6
284,positive,7
284,negative,8
285,positive,1
285,neutral,2
285,neutral,3
285,positive,4
285,positive,5
285,neutral,6
285,neutral,7
285,neutral,8
287,neutral,1
287,neutral,2
287,negative,3
287,negative,4
287,positive,5
287,positive,6
287,positive,7
287,negative,8
288,positive,1
288,positive,2
288,positive,3
288,positive,4
288,positive,5
288,positive,6
288,positive,7
288,positive,8
291,negative,1
291,negative,2
291,negative,3
291,negative,4
291,negative,5
291,negative,6
291,positive,7
291,negative,8
292,negative,1
292,neutral,2
292,neutral,3
292,positive,4
292,positive,5
292,positive,6
292,positive,7
292,neutral,8
293,positive,1
293,neutral,2
293,positive,3
293,positive,4
293,negative,5
293,positive,6
293,positive,7
293,positive,8
294,positive,1
294,negative,2
294,negative,3
294,positive,4
294,negative,5
294,positive,6
294,negative,7
294,negative,8
295,negative,1
295,negative,2
295,negative,3
295,negative,4
295,negative,5
295,negative,6
295,negative,7
295,negative,8
296,positive,1
296,positive,2
296,positive,3
296,negative,4
296,negative,5
296,positive,6
296,negative,7
296,positive,8
299,positive,1
299,neutral,2
299,negative,3
299,positive,4
299,negative,5
299,positive,6
299,positive,7
299,negative,8
300,positive,1
300,neutral,2
300,negative,3
300,negative,4
300,negative,5
300,negative,6
300,neutral,7
300,negative,8
302,neutral,1
302,neutral,2
302,negative,3
302,negative,4
302,positive,5
302,negative,6
302,positive,7
302,negative,8
303,negative,1
303,negative,2
303,negative,3
303,negative,4
303,negative,5
303,negative,6
303,positive,7
303,negative,8
304,neutral,1
304,neutral,2
304,neutral,3
304,neutral,4
304,positive,5
304,negative,6
304,negative,7
304,neutral,8
306,neutral,1
306,negative,2
306,neutral,3
306,positive,4
306,negative,5
306,positive,6
306,negative,7
306,neutral,8
307,negative,1
307,neutral,2
307,negative,3
307,negative,4
307,positive,5
307,positive,6
307,positive,7
307,negative,8
309,neutral,1
309,negative,2
309,negative,3
309,negative,4
309,positive,5
309,positive,6
309,negative,7
309,negative,8
310,positive,1
310,positive,2
310,negative,3
310,negative,4
310,positive,5
310,negative,6
310,negative,7
310,negative,8
311,neutral,1
311,negative,2
311,negative,3
311,negative,4
311,negative,5
311,negative,6
311,negative,7
311,negative,8
312,neutral,1
312,neutral,2
312,negative,3
312,negative,4
312,positive,5
312,negative,6
312,negative,7
312,negative,8
313,positive,1
313,neutral,2
313,neutral,3
313,positive,4
313,positive,5
313,negative,6
313,negative,7
313,neutral,8
314,negative,1
314,neutral,2
314,neutral,3
314,positive,4
314,negative,5
314,neutral,6
314,positive,7
314,neutral,8
315,positive,1
315,neutral,2
315,neutral,3
315,positive,4
315,negative,5
315,positive,6
315,positive,7
315,neutral,8
317,neutral,1
317,neutral,2
317,neutral,3
317,positive,4
317,negative,5
317,negative,6
317,negative,7
317,neutral,8
318,negative,1
318,negative,2
318,neutral,3
318,positive,4
318,negative,5
318,negative,6
318,negative,7
318,neutral,8
319,neutral,1
319,neutral,2
319,negative,3
319,negative,4
319,negative,5
319,positive,6
319,positive,7
319,negative,8
320,positive,1
320,neutral,2
320,neutral,3
320,positive,4
320,positive,5
320,positive,6
320,neutral,7
320,neutral,8
321,negative,1
321,negative,2
321,negative,3
321,negative,4
321,neutral,5
321,neutral,6
321,positive,7
321,negative,8
322,positive,1
322,positive,2
322,positive,3
322,positive,4
322,positive,5
322,positive,6
322,positive,7
322,positive,8
324,neutral,1
324,neutral,2
324,neutral,3
324,neutral,4
324,negative,5
324,positive,6
324,neutral,7
324,neutral,8
325,positive,1
325,neutral,2
325,neutral,3
325,neutral,4
325,positive,5
325,negative,6
325,positive,7
325,neutral,8
326,positive,1
326,neutral,2
326,neutral,3
326,positive,4
326,positive,5
326,negative,6
326,negative,7
326,neutral,8
327,neutral,1
327,neutral,2
327,neutral,3
327,neutral,4
327,positive,5
327,positive,6
327,positive,7
327,neutral,8
328,neutral,1
328,neutral,2
328,neutral,3
328,positive,4
328,negative,5
328,positive,6
328,positive,7
328,neutral,8
330,neutral,1
330,neutral,2
330,neutral,3
330,neutral,4
330,positive,5
330,positive,6
330,neutral,7
330,neutral,8
331,neutral,1
331,negative,2
331,neutral,3
331,negative,4
331,neutral,5
331,negative,6
331,neutral,7
331,neutral,8
332,negative,1
332,negative,2
332,negative,3
332,negative,4
332,positive,5
332,negative,6
332,negative,7
332,negative,8
334,positive,1
334,neutral,2
334,neutral,3
334,positive,4
334,positive,5
334,positive,6
334,neutral,7
334,neutral,8
335,neutral,1
335,neutral,2
335,neutral,3
335,positive,4
335,positive,5
335,positive,6
335,negative,7
335,neutral,8
336,neutral,1
336,neutral,2
336,negative,3
336,negative,4
336,positive,5
336,negative,6
336,negative,7
336,negative,8
337,positive,1
337,neutral,2
337,neutral,3
337,positive,4
337,positive,5
337,negative,6
337,positive,7
337,neutral,8
338,negative,1
338,negative,2
338,negative,3
338,negative,4
338,negative,5
338,negative,6
338,positive,7
338,negative,8
339,positive,1
339,negative,2
339,negative,3
339,positive,4
339,negative,5
339,negative,6
339,negative,7
339,negative,8
340,positive,1
340,neutral,2
340,neutral,3
340,positive,4
340,positive,5
340,negative,6
340,neutral,7
340,neutral,8
341,positive,1
341,positive,2
341,negative,3
341,negative,4
341,positive,5
341,neutral,6
341,negative,7
341,negative,8
344,positive,1
344,neutral,2
344,neutral,3
344,positive,4
344,positive,5
344,negative,6
344,neutral,7
344,neutral,8
345,positive,1
345,neutral,2
345,negative,3
345,positive,4
345,positive,5
345,positive,6
345,positive,7
345,negative,8
346,positive,1
346,positive,2
346,neutral,3
346,positive,4
346,negative,5
346,negative,6
346,positive,7
346,neutral,8
350,positive,1
350,neutral,2
350,negative,3
350,positive,4
350,positive,5
350,negative,6
350,positive,7
350,negative,8
352,negative,1
352,negative,2
352,negative,3
352,negative,4
352,negative,5
352,negative,6
352,negative,7
352,negative,8
354,positive,1
354,neutral,2
354,neutral,3
354,neutral,4
354,negative,5
354,positive,6
354,neutral,7
354,neutral,8
355,positive,1
355,negative,2
355,negative,3
355,negative,4
355,positive,5
355,negative,6
355,negative,7
355,negative,8
356,positive,1
356,negative,2
356,negative,3
356,negative,4
356,positive,5
356,neutral,6
356,negative,7
356,negative,8
357,positive,1
357,negative,2
357,negative,3
357,negative,4
357,neutral,5
357,positive,6
357,neutral,7
357,negative,8
358,negative,1
358,negative,2
358,negative,3
358,positive,4
358,negative,5
358,positive,6
358,positive,7
358,negative,8
360,positive,1
360,positive,2
360,positive,3
360,positive,4
360,positive,5
360,positive,6
360,positive,7
360,positive,8
361,neutral,1
361,positive,2
361,negative,3
361,positive,4
361,positive,5
361,neutral,6
361,neutral,7
361,negative,8
362,positive,1
362,positive,2
362,positive,3
362,positive,4
362,positive,5
362,positive,6
362,positive,7
362,positive,8
363,positive,1
363,neutral,2
363,negative,3
363,positive,4
363,positive,5
363,neutral,6
363,positive,7
363,negative,8
364,positive,1
364,neutral,2
364,negative,3
364,negative,4
364,positive,5
364,positive,6
364,negative,7
364,negative,8
365,neutral,1
365,negative,2
365,negative,3
365,negative,4
365,positive,5
365,negative,6
365,negative,7
365,negative,8
366,positive,1
366,neutral,2
366,neutral,3
366,positive,4
366,positive,5
366,positive,6
366,negative,7
366,neutral,8
368,negative,1
368,neutral,2
368,neutral,3
368,negative,4
368,negative,5
368,positive,6
368,positive,7
368,neutral,8
369,negative,1
369,negative,2
369,negative,3
369,negative,4
369,negative,5
369,negative,6
369,neutral,7
369,negative,8
370,positive,1
370,negative,2
370,negative,3
370,negative,4
370,negative,5
370,negative,6
370,negative,7
370,negative,8
371,positive,1
371,neutral,2
371,neutral,3
371,neutral,4
371,positive,5
371,neutral,6
371,positive,7
371,neutral,8
372,neutral,1
372,neutral,2
372,negative,3
372,negative,4
372,positive,5
372,negative,6
372,neutral,7
372,negative,8
373,positive,1
373,positive,2
373,positive,3
373,negative,4
373,negative,5
373,positive,6
373,neutral,7
373,positive,8
375,neutral,1
375,neutral,2
375,negative,3
375,positive,4
375,negative,5
375,negative,6
375,positive,7
375,negative,8
376,negative,1
376,positive,2
376,negative,3
376,positive,4
376,positive,5
376,positive,6
376,positive,7
376,negative,8
377,positive,1
377,negative,2
377,negative,3
377,neutral,4
377,positive,5
377,positive,6
377,positive,7
377,negative,8
378,neutral,1
378,neutral,2
378,positive,3
378,positive,4
378,negative,5
378,positive,6
378,negative,7
378,positive,8
379,positive,1
379,neutral,2
379,neutral,3
379,positive,4
379,positive,5
379,positive,6
379,neutral,7
379,neutral,8
381,neutral,1
381,neutral,2
381,neutral,3
381,positive,4
381,positive,5
381,negative,6
381,positive,7
381,neutral,8
382,positive,1
382,negative,2
382,negative,3
382,negative,4
382,positive,5
382,positive,6
382,neutral,7
382,negative,8
383,neutral,1
383,neutral,2
383,neutral,3
383,positive,4
383,positive,5
383,negative,6
383,positive,7
383,neutral,8
384,positive,1
384,negative,2
384,negative,3
384,positive,4
384,positive,5
384,negative,6
384,negative,7
384,negative,8
385,negative,1
385,negative,2
385,negative,3
385,positive,4
385,negative,5
385,negative,6
385,negative,7
385,negative,8
386,negative,1
386,negative,2
386,negative,3
386,negative,4
386,positive,5
386,negative,6
386,positive,7
386,negative,8
387,neutral,1
387,neutral,2
387,negative,3
387,neutral,4
387,negative,5
387,positive,6
387,neutral,7
387,negative,8
388,positive,1
388,neutral,2
388,neutral,3
388,neutral,4
388,negative,5
388,negative,6
388,negative,7
388,neutral,8
389,negative,1
389,negative,2
389,negative,3
389,negative,4
389,negative,5
389,negative,6
389,negative,7
389,negative,8
390,positive,1
390,neutral,2
390,neutral,3
390,neutral,4
390,neutral,5
390,negative,6
390,negative,7
390,neutral,8
391,positive,1
391,neutral,2
391,negative,3
391,negative,4
391,neutral,5
391,neutral,6
391,negative,7
391,negative,8
392,neutral,1
392,neutral,2
392,negative,3
392,negative,4
392,positive,5
392,negative,6
392,negative,7
392,negative,8
393,neutral,1
393,neutral,2
393,negative,3
393,negative,4
393,positive,5
393,negative,6
393,negative,7
393,negative,8
394,negative,1
394,negative,2
394,negative,3
394,negative,4
394,positive,5
394,negative,6
394,neutral,7
394,negative,8
395,neutral,1
395,neutral,2
395,neutral,3
395,positive,4
395,positive,5
395,negative,6
395,positive,7
395,neutral,8
396,neutral,1
396,negative,2
396,negative,3
396,negative,4
396,negative,5
396,negative,6
396,positive,7
396,negative,8
397,negative,1
397,negative,2
397,negative,3
397,negative,4
397,negative,5
397,negative,6
397,negative,7
397,negative,8
399,positive,1
399,positive,2
399,neutral,3
399,positive,4
399,positive,5
399,positive,6
399,positive,7
399,neutral,8
400,neutral,1
400,neutral,2
400,negative,3
400,positive,4
400,positive,5
400,positive,6
400,negative,7
400,negative,8
401,positive,1
401,neutral,2
401,neutral,3
401,neutral,4
401,positive,5
401,positive,6
401,neutral,7
401,neutral,8
402,neutral,1
402,negative,2
402,negative,3
402,negative,4
402,positive,5
402,positive,6
402,negative,7
402,negative,8
403,neutral,1
403,neutral,2
403,neutral,3
403,negative,4
403,positive,5
403,negative,6
403,neutral,7
403,neutral,8
404,negative,1
404,negative,2
404,negative,3
404,negative,4
404,positive,5
404,negative,6
404,positive,7
404,negative,8
405,neutral,1
405,neutral,2
405,neutral,3
405,positive,4
405,positive,5
405,positive,6
405,positive,7
405,neutral,8
406,negative,1
406,negative,2
406,negative,3
406,negative,4
406,negative,5
406,negative,6
406,negative,7
406,negative,8
407,neutral,1
407,positive,2
407,positive,3
407,positive,4
407,positive,5
407,positive,6
407,negative,7
407,positive,8
408,positive,1
408,neutral,2
408,neutral,3
408,positive,4
408,positive,5
408,negative,6
408,neutral,7
408,neutral,8
409,positive,1
409,negative,2
409,negative,3
409,negative,4
409,negative,5
409,negative,6
409,positive,7
409,negative,8
410,negative,1
410,negative,2
410,neutral,3
410,positive,4
410,negative,5
410,positive,6
410,neutral,7
410,neutral,8
411,positive,1
411,neutral,2
411,neutral,3
411,neutral,4
411,positive,5
411,negative,6
411,neutral,7
411,neutral,8
412,positive,1
412,positive,2
412,positive,3
412,positive,4
412,positive,5
412,positive,6
412,positive,7
412,positive,8
415,neutral,1
415,negative,2
415,negative,3
415,negative,4
415,negative,5
415,negative,6
415,negative,7
415,negative,8
416,positive,1
416,neutral,2
416,neutral,3
416,neutral,4
416,positive,5
416,negative,6
416,neutral,7
416,neutral,8
417,neutral,1
417,neutral,2
417,neutral,3
417,neutral,4
417,negative,5
417,neutral,6
417,positive,7
417,neutral,8
418,neutral,1
418,neutral,2
418,negative,3
418,negative,4
418,neutral,5
418,negative,6
418,positive,7
418,negative,8
419,negative,1
419,negative,2
419,negative,3
419,negative,4
419,negative,5
419,negative,6
419,positive,7
419,negative,8
420,positive,1
420,neutral,2
420,negative,3
420,positive,4
420,positive,5
420,positive,6
420,positive,7
420,negative,8
421,neutral,1
421,negative,2
421,negative,3
421,neutral,4
421,negative,5
421,negative,6
421,positive,7
421,negative,8
422,positive,1
422,neutral,2
422,negative,3
422,negative,4
422,negative,5
422,positive,6
422,positive,7
422,negative,8
423,negative,1
423,negative,2
423,negative,3
423,positive,4
423,positive,5
423,negative,6
423,negative,7
423,negative,8
425,positive,1
425,neutral,2
425,negative,3
425,neutral,4
425,positive,5
425,neutral,6
425,neutral,7
425,negative,8
426,neutral,1
426,neutral,2
426,neutral,3
426,positive,4
426,positive,5
426,positive,6
426,positive,7
426,neutral,8
428,neutral,1
428,negative,2
428,negative,3
428,negative,4
428,positive,5
428,positive,6
428,positive,7
428,negative,8
429,positive,1
429,neutral,2
429,neutral,3
429,positive,4
429,positive,5
429,negative,6
429,neutral,7
429,neutral,8
430,positive,1
430,neutral,2
430,negative,3
430,positive,4
430,negative,5
430,positive,6
430,neutral,7
430,negative,8
431,positive,1
431,neutral,2
431,neutral,3
431,neutral,4
431,positive,5
431,negative,6
431,neutral,7
431,neutral,8
432,positive,1
432,negative,2
432,negative,3
432,negative,4
432,positive,5
432,negative,6
432,negative,7
432,negative,8
433,positive,1
433,neutral,2
433,negative,3
433,neutral,4
433,positive,5
433,negative,6
433,positive,7
433,negative,8
435,positive,1
435,neutral,2
435,neutral,3
435,neutral,4
435,positive,5
435,negative,6
435,neutral,7
435,neutral,8
436,neutral,1
436,neutral,2
436,neutral,3
436,negative,4
436,negative,5
436,negative,6
436,negative,7
436,neutral,8
438,positive,1
438,neutral,2
438,neutral,3
438,neutral,4
438,positive,5
438,negative,6
438,positive,7
438,neutral,8
440,positive,1
440,positive,2
440,neutral,3
440,positive,4
440,negative,5
440,negative,6
440,positive,7
440,neutral,8
441,positive,1
441,neutral,2
441,neutral,3
441,positive,4
441,positive,5
441,negative,6
441,neutral,7
441,neutral,8
442,positive,1
442,neutral,2
442,neutral,3
442,neutral,4
442,positive,5
442,positive,6
442,neutral,7
442,neutral,8
443,positive,1
443,neutral,2
443,neutral,3
443,neutral,4
443,positive,5
443,positive,6
443,positive,7
443,neutral,8
444,neutral,1
444,neutral,2
444,neutral,3
444,neutral,4
444,positive,5
444,negative,6
444,negative,7
444,neutral,8
445,neutral,1
445,neutral,2
445,negative,3
445,positive,4
445,positive,5
445,positive,6
445,positive,7
445,negative,8
446,positive,1
446,neutral,2
446,neutral,3
446,positive,4
446,positive,5
446,negative,6
446,positive,7
446,neutral,8
447,positive,1
447,neutral,2
447,neutral,3
447,negative,4
447,positive,5
447,negative,6
447,negative,7
447,neutral,8
449,positive,1
449,neutral,2
449,negative,3
449,neutral,4
449,positive,5
449,positive,6
449,positive,7
449,negative,8
452,positive,1
452,neutral,2
452,negative,3
452,positive,4
452,negative,5
452,negative,6
452,positive,7
452,negative,8
453,neutral,1
453,negative,2
453,negative,3
453,negative,4
453,negative,5
453,negative,6
453,positive,7
453,negative,8
454,neutral,1
454,neutral,2
454,negative,3
454,neutral,4
454,positive,5
454,negative,6
454,negative,7
454,negative,8
455,neutral,1
455,neutral,2
455,negative,3
455,negative,4
455,negative,5
455,neutral,6
455,positive,7
455,negative,8
456,negative,1
456,negative,2
456,negative,3
456,negative,4
456,negative,5
456,negative,6
456,negative,7
456,negative,8
458,negative,1
458,negative,2
458,negative,3
458,negative,4
458,negative,5
458,negative,6
458,negative,7
458,negative,8
459,positive,1
459,neutral,2
459,neutral,3
459,positive,4
459,negative,5
459,positive,6
459,negative,7
459,neutral,8
460,positive,1
460,neutral,2
460,neutral,3
460,positive,4
460,positive,5
460,negative,6
460,positive,7
460,neutral,8
461,positive,1
461,positive,2
461,neutral,3
461,positive,4
461,positive,5
461,positive,6
461,positive,7
461,neutral,8
462,positive,1
462,neutral,2
462,neutral,3
462,neutral,4
462,positive,5
462,neutral,6
462,negative,7
462,neutral,8
463,positive,1
463,neutral,2
463,neutral,3
463,neutral,4
463,neutral,5
463,positive,6
463,neutral,7
463,neutral,8
464,positive,1
464,negative,2
464,positive,3
464,positive,4
464,positive,5
464,negative,6
464,negative,7
464,positive,8
465,positive,1
465,neutral,2
465,positive,3
465,positive,4
465,positive,5
465,positive,6
465,positive,7
465,positive,8
466,neutral,1
466,neutral,2
466,neutral,3
466,neutral,4
466,positive,5
466,negative,6
466,neutral,7
466,neutral,8
467,positive,1
467,neutral,2
467,neutral,3
467,neutral,4
467,positive,5
467,neutral,6
467,positive,7
467,neutral,8
468,neutral,1
468,neutral,2
468,neutral,3
468,positive,4
468,positive,5
468,positive,6
468,positive,7
468,neutral,8
469,negative,1
469,negative,2
469,negative,3
469,negative,4
469,negative,5
469,negative,6
469,positive,7
469,negative,8
470,neutral,1
470,negative,2
470,negative,3
470,negative,4
470,negative,5
470,negative,6
470,positive,7
470,negative,8
474,positive,1
474,neutral,2
474,neutral,3
474,positive,4
474,negative,5
474,positive,6
474,negative,7
474,neutral,8
477,negative,1
477,negative,2
477,negative,3
477,negative,4
477,negative,5
477,negative,6
477,negative,7
477,negative,8
478,neutral,1
478,neutral,2
478,positive,3
478,positive,4
478,positive,5
478,neutral,6
478,negative,7
478,positive,8
479,positive,1
479,neutral,2
479,neutral,3
479,positive,4
479,positive,5
479,positive,6
479,neutral,7
479,neutral,8
480,positive,1
480,neutral,2
480,neutral,3
480,positive,4
480,positive,5
480,positive,6
480,positive,7
480,neutral,8
482,neutral,1
482,neutral,2
482,negative,3
482,neutral,4
482,positive,5
482,positive,6
482,neutral,7
482,negative,8
484,positive,1
484,neutral,2
484,neutral,3
484,positive,4
484,positive,5
484,positive,6
484,positive,7
484,neutral,8
485,positive,1
485,neutral,2
485,neutral,3
485,positive,4
485,positive,5
485,negative,6
485,positive,7
485,neutral,8
486,positive,1
486,neutral,2
486,neutral,3
486,negative,4
486,positive,5
486,negative,6
486,neutral,7
486,neutral,8
487,positive,1
487,negative,2
487,neutral,3
487,positive,4
487,positive,5
487,positive,6
487,neutral,7
487,neutral,8
488,negative,1
488,negative,2
488,neutral,3
488,negative,4
488,negative,5
488,negative,6
488,negative,7
488,neutral,8
489,neutral,1
489,negative,2
489,negative,3
489,negative,4
489,negative,5
489,negative,6
489,positive,7
489,negative,8
490,positive,1
490,negative,2
490,negative,3
490,positive,4
490,neutral,5
490,neutral,6
490,neutral,7
490,negative,8
491,neutral,1
491,negative,2
491,negative,3
491,negative,4
491,negative,5
491,negative,6
491,positive,7
491,negative,8
492,neutral,1
492,neutral,2
492,negative,3
492,neutral,4
492,negative,5
492,negative,6
492,negative,7
492,negative,8
493,positive,1
493,positive,2
493,positive,3
493,positive,4
493,positive,5
493,negative,6
493,negative,7
493,positive,8
494,positive,1
494,neutral,2
494,neutral,3
494,neutral,4
494,positive,5
494,positive,6
494,positive,7
494,neutral,8
495,positive,1
495,negative,2
495,negative,3
495,positive,4
495,negative,5
495,positive,6
495,negative,7
495,negative,8
496,positive,1
496,positive,2
496,negative,3
496,positive,4
496,positive,5
496,negative,6
496,neutral,7
496,negative,8
498,negative,1
498,negative,2
498,negative,3
498,negative,4
498,positive,5
498,negative,6
498,positive,7
498,negative,8
499,positive,1
499,neutral,2
499,positive,3
499,positive,4
499,neutral,5
499,negative,6
499,positive,7
499,positive,8
500,negative,1
500,negative,2
500,negative,3
500,negative,4
500,positive,5
500,negative,6
500,neutral,7
500,negative,8
501,positive,1
501,neutral,2
501,negative,3
501,negative,4
501,negative,5
501,neutral,6
501,positive,7
501,negative,8
503,neutral,1
503,negative,2
503,negative,3
503,negative,4
503,negative,5
503,negative,6
503,positive,7
503,negative,8
505,negative,1
505,negative,2
505,negative,3
505,negative,4
505,negative,5
505,negative,6
505,positive,7
505,negative,8
508,positive,1
508,negative,2
508,negative,3
508,negative,4
508,negative,5
508,negative,6
508,negative,7
508,negative,8
509,positive,1
509,positive,2
509,positive,3
509,positive,4
509,positive,5
509,positive,6
509,positive,7
509,positive,8
510,neutral,1
510,neutral,2
510,neutral,3
510,positive,4
510,negative,5
510,positive,6
510,positive,7
510,neutral,8
511,positive,1
511,neutral,2
511,negative,3
511,positive,4
511,positive,5
511,positive,6
511,positive,7
511,negative,8
513,neutral,1
513,neutral,2
513,neutral,3
513,negative,4
513,negative,5
513,negative,6
513,neutral,7
513,neutral,8
514,neutral,1
514,neutral,2
514,negative,3
514,negative,4
514,negative,5
514,negative,6
514,positive,7
514,negative,8
516,positive,1
516,positive,2
516,positive,3
516,positive,4
516,positive,5
516,positive,6
516,positive,7
516,positive,8
517,positive,1
517,neutral,2
517,neutral,3
517,neutral,4
517,positive,5
517,positive,6
517,neutral,7
517,neutral,8
518,neutral,1
518,neutral,2
518,neutral,3
518,neutral,4
518,positive,5
518,neutral,6
518,positive,7
518,neutral,8
519,positive,1
519,neutral,2
519,neutral,3
519,negative,4
519,negative,5
519,neutral,6
519,negative,7
519,neutral,8
520,neutral,1
520,neutral,2
520,negative,3
520,negative,4
520,negative,5
520,negative,6
520,negative,7
520,negative,8
521,positive,1
521,negative,2
521,negative,3
521,positive,4
521,positive,5
521,positive,6
521,positive,7
521,negative,8
522,positive,1
522,negative,2
522,negative,3
522,positive,4
522,neutral,5
522,negative,6
522,negative,7
522,negative,8
523,neutral,1
523,negative,2
523,negative,3
523,negative,4
523,negative,5
523,negative,6
523,positive,7
523,negative,8
525,neutral,1
525,neutral,2
525,neutral,3
525,neutral,4
525,positive,5
525,positive,6
525,positive,7
525,neutral,8
526,neutral,1
526,negative,2
526,negative,3
526,negative,4
526,positive,5
526,negative,6
526,positive,7
526,negative,8
527,positive,1
527,positive,2
527,neutral,3
527,positive,4
527,positive,5
527,positive,6
527,positive,7
527,neutral,8
528,positive,1
528,neutral,2
528,neutral,3
528,positive,4
528,neutral,5
528,negative,6
528,positive,7
528,neutral,8
531,negative,1
531,neutral,2
531,negative,3
531,negative,4
531,negative,5
531,negative,6
531,neutral,7
531,negative,8
532,positive,1
532,positive,2
532,negative,3
532,positive,4
532,negative,5
532,negative,6
532,negative,7
532,negative,8
533,positive,1
533,neutral,2
533,neutral,3
533,neutral,4
533,positive,5
533,neutral,6
533,negative,7
533,neutral,8
534,positive,1
534,positive,2
534,positive,3
534,positive,4
534,positive,5
534,positive,6
534,positive,7
534,positive,8
535,neutral,1
535,negative,2
535,negative,3
535,negative,4
535,negative,5
535,negative,6
535,negative,7
535,negative,8
536,positive,1
536,neutral,2
536,negative,3
536,negative,4
536,positive,5
536,negative,6
536,negative,7
536,negative,8
537,positive,1
537,neutral,2
537,negative,3
537,positive,4
537,positive,5
537,positive,6
537,negative,7
537,negative,8
538,positive,1
538,neutral,2
538,positive,3
538,positive,4
538,positive,5
538,positive,6
538,positive,7
538,positive,8
539,neutral,1
539,neutral,2
539,neutral,3
539,positive,4
539,negative,5
539,positive,6
539,positive,7
539,neutral,8
540,positive,1
540,neutral,2
540,positive,3
540,positive,4
540,positive,5
540,negative,6
540,negative,7
540,positive,8
542,positive,1
542,neutral,2
542,neutral,3
542,neutral,4
542,positive,5
542,positive,6
542,negative,7
542,neutral,8
543,neutral,1
543,negative,2
543,negative,3
543,negative,4
543,negative,5
543,positive,6
543,neutral,7
543,negative,8
544,neutral,1
544,negative,2
544,negative,3
544,negative,4
544,negative,5
544,negative,6
544,positive,7
544,negative,8
545,neutral,1
545,neutral,2
545,negative,3
545,negative,4
545,negative,5
545,negative,6
545,negative,7
545,negative,8
546,neutral,1
546,neutral,2
546,neutral,3
546,neutral,4
546,neutral,5
546,negative,6
546,positive,7
546,neutral,8
548,positive,1
548,neutral,2
548,neutral,3
548,positive,4
548,positive,5
548,neutral,6
548,positive,7
548,neutral,8
549,positive,1
549,neutral,2
549,neutral,3
549,positive,4
549,positive,5
549,positive,6
549,positive,7
549,neutral,8
552,neutral,1
552,neutral,2
552,negative,3
552,negative,4
552,positive,5
552,negative,6
552,positive,7
552,negative,8
553,positive,1
553,neutral,2
553,neutral,3
553,negative,4
553,neutral,5
553,negative,6
553,positive,7
553,neutral,8
554,positive,1
554,neutral,2
554,neutral,3
554,positive,4
554,negative,5
554,positive,6
554,negative,7
554,neutral,8
555,positive,1
555,neutral,2
555,negative,3
555,positive,4
555,positive,5
555,negative,6
555,neutral,7
555,negative,8
556,neutral,1
556,neutral,2
556,neutral,3
556,positive,4
556,positive,5
556,negative,6
556,neutral,7
556,neutral,8
557,positive,1
557,neutral,2
557,positive,3
557,positive,4
557,positive,5
557,positive,6
557,positive,7
557,positive,8
559,positive,1
559,neutral,2
559,positive,3
559,positive,4
559,negative,5
559,positive,6
559,positive,7
559,positive,8
560,neutral,1
560,neutral,2
560,negative,3
560,positive,4
560,positive,5
560,positive,6
560,neutral,7
560,negative,8
561,neutral,1
561,neutral,2
561,negative,3
561,negative,4
561,negative,5
561,positive,6
561,neutral,7
561,negative,8
562,positive,1
562,neutral,2
562,neutral,3
562,positive,4
562,positive,5
562,positive,6
562,positive,7
562,neutral,8
563,neutral,1
563,positive,2
563,positive,3
563,positive,4
563,positive,5
563,negative,6
563,positive,7
563,positive,8
564,neutral,1
564,neutral,2
564,negative,3
564,positive,4
564,positive,5
564,positive,6
564,negative,7
564,negative,8
565,negative,1
565,negative,2
565,negative,3
565,negative,4
565,negative,5
565,negative,6
565,positive,7
565,negative,8
566,negative,1
566,negative,2
566,negative,3
566,negative,4
566,negative,5
566,negative,6
566,neutral,7
566,negative,8
567,negative,1
567,negative,2
567,negative,3
567,negative,4
567,negative,5
567,negative,6
567,negative,7
567,negative,8
568,positive,1
568,neutral,2
568,neutral,3
568,neutral,4
568,negative,5
568,neutral,6
568,positive,7
568,neutral,8
569,positive,1
569,neutral,2
569,neutral,3
569,neutral,4
569,positive,5
569,negative,6
569,positive,7
569,neutral,8
570,negative,1
570,negative,2
570,negative,3
570,negative,4
570,negative,5
570,negative,6
570,negative,7
570,negative,8
571,negative,1
571,negative,2
571,negative,3
571,negative,4
571,negative,5
571,negative,6
571,positive,7
571,negative,8
572,positive,1
572,neutral,2
572,neutral,3
572,positive,4
572,positive,5
572,positive,6
572,neutral,7
572,neutral,8
573,positive,1
573,neutral,2
573,neutral,3
573,negative,4
573,negative,5
573,negative,6
573,negative,7
573,neutral,8
574,positive,1
574,positive,2
574,positive,3
574,positive,4
574,positive,5
574,neutral,6
574,positive,7
574,positive,8
575,positive,1
575,negative,2
575,neutral,3
575,negative,4
575,negative,5
575,negative,6
575,neutral,7
575,neutral,8
577,negative,1
577,negative,2
577,negative,3
577,negative,4
577,positive,5
577,negative,6
577,neutral,7
577,negative,8
578,negative,1
578,negative,2
578,negative,3
578,negative,4
578,positive,5
578,positive,6
578,positive,7
578,negative,8
579,negative,1
579,neutral,2
579,neutral,3
579,positive,4
579,positive,5
579,positive,6
579,negative,7
579,neutral,8
580,positive,1
580,positive,2
580,neutral,3
580,neutral,4
580,positive,5
580,positive,6
580,positive,7
580,neutral,8
581,positive,1
581,neutral,2
581,negative,3
581,positive,4
581,positive,5
581,negative,6
581,negative,7
581,negative,8
583,positive,1
583,neutral,2
583,negative,3
583,negative,4
583,positive,5
583,negative,6
583,negative,7
583,negative,8
584,positive,1
584,neutral,2
584,negative,3
584,negative,4
584,negative,5
584,negative,6
584,negative,7
584,negative,8
585,positive,1
585,neutral,2
585,negative,3
585,negative,4
585,negative,5
585,negative,6
585,neutral,7
585,negative,8
586,neutral,1
586,neutral,2
586,neutral,3
586,neutral,4
586,negative,5
586,negative,6
586,negative,7
586,neutral,8
587,neutral,1
587,positive,2
587,positive,3
587,negative,4
587,positive,5
587,neutral,6
587,neutral,7
587,positive,8
588,negative,1
588,negative,2
588,negative,3
588,negative,4
588,negative,5
588,negative,6
588,negative,7
588,negative,8
590,neutral,1
590,neutral,2
590,neutral,3
590,neutral,4
590,neutral,5
590,positive,6
590,positive,7
590,neutral,8
591,positive,1
591,neutral,2
591,negative,3
591,negative,4
591,positive,5
591,negative,6
591,neutral,7
591,negative,8
592,negative,1
592,negative,2
592,negative,3
592,negative,4
592,negative,5
592,negative,6
592,positive,7
592,negative,8
593,positive,1
593,neutral,2
593,negative,3
593,negative,4
593,positive,5
593,positive,6
593,neutral,7
593,negative,8
594,positive,1
594,neutral,2
594,neutral,3
594,neutral,4
594,positive,5
594,negative,6
594,positive,7
594,neutral,8
595,positive,1
595,negative,2
595,negative,3
595,negative,4
595,positive,5
595,positive,6
595,positive,7
595,negative,8
596,neutral,1
596,positive,2
596,positive,3
596,positive,4
596,positive,5
596,positive,6
596,positive,7
596,positive,8
597,neutral,1
597,neutral,2
597,neutral,3
597,positive,4
597,positive,5
597,negative,6
597,neutral,7
597,neutral,8
598,positive,1
598,neutral,2
598,negative,3
598,negative,4
598,negative,5
598,negative,6
598,negative,7
598,negative,8
600,neutral,1
600,positive,2
600,positive,3
600,positive,4
600,positive,5
600,positive,6
600,positive,7
600,positive,8
602,positive,1
602,neutral,2
602,negative,3
602,neutral,4
602,negative,5
602,negative,6
602,positive,7
602,negative,8
603,neutral,1
603,negative,2
603,negative,3
603,negative,4
603,negative,5
603,negative,6
603,positive,7
603,negative,8
604,neutral,1
604,neutral,2
604,negative,3
604,positive,4
604,positive,5
604,negative,6
604,neutral,7
604,negative,8
605,positive,1
605,neutral,2
605,neutral,3
605,positive,4
605,negative,5
605,negative,6
605,neutral,7
605,neutral,8
606,negative,1
606,negative,2
606,negative,3
606,negative,4
606,negative,5
606,negative,6
606,negative,7
606,negative,8
607,negative,1
607,negative,2
607,negative,3
607,negative,4
607,negative,5
607,negative,6
607,positive,7
607,negative,8
608,positive,1
608,neutral,2
608,negative,3
608,negative,4
608,positive,5
608,negative,6
608,negative,7
608,negative,8
609,positive,1
609,neutral,2
609,positive,3
609,positive,4
609,positive,5
609,positive,6
609,positive,7
609,positive,8
610,negative,1
610,neutral,2
610,negative,3
610,negative,4
610,negative,5
610,negative,6
610,positive,7
610,negative,8
611,negative,1
611,negative,2
611,negative,3
611,negative,4
611,positive,5
611,positive,6
611,negative,7
611,negative,8
612,negative,1
612,negative,2
612,negative,3
612,negative,4
612,positive,5
612,positive,6
612,positive,7
612,negative,8
615,positive,1
615,neutral,2
615,neutral,3
615,negative,4
615,positive,5
615,positive,6
615,positive,7
615,neutral,8
618,neutral,1
618,neutral,2
618,negative,3
618,positive,4
618,positive,5
618,neutral,6
618,positive,7
618,negative,8
620,positive,1
620,neutral,2
620,neutral,3
620,neutral,4
620,positive,5
620,positive,6
620,positive,7
620,neutral,8
622,neutral,1
622,neutral,2
622,positive,3
622,positive,4
622,positive,5
622,positive,6
622,positive,7
622,positive,8
623,neutral,1
623,neutral,2
623,negative,3
623,negative,4
623,negative,5
623,negative,6
623,positive,7
623,negative,8
624,positive,1
624,neutral,2
624,negative,3
624,neutral,4
624,positive,5
624,negative,6
624,neutral,7
624,negative,8
627,positive,1
627,neutral,2
627,neutral,3
627,positive,4
627,negative,5
627,negative,6
627,positive,7
627,neutral,8
628,positive,1
628,neutral,2
628,negative,3
628,positive,4
628,negative,5
628,negative,6
628,neutral,7
628,negative,8
629,positive,1
629,neutral,2
629,neutral,3
629,positive,4
629,positive,5
629,negative,6
629,positive,7
629,neutral,8
630,negative,1
630,negative,2
630,negative,3
630,negative,4
630,negative,5
630,negative,6
630,negative,7
630,negative,8
632,negative,1
632,negative,2
632,negative,3
632,negative,4
632,negative,5
632,negative,6
632,negative,7
632,negative,8
633,positive,1
633,neutral,2
633,negative,3
633,neutral,4
633,negative,5
633,negative,6
633,neutral,7
633,negative,8
637,negative,1
637,negative,2
637,negative,3
637,negative,4
637,positive,5
637,negative,6
637,negative,7
637,negative,8
638,negative,1
638,negative,2
638,negative,3
638,negative,4
638,negative,5
638,negative,6
638,negative,7
638,negative,8
639,positive,1
639,neutral,2
639,negative,3
639,positive,4
639,negative,5
639,positive,6
639,positive,7
639,negative,8
644,positive,1
644,neutral,2
644,negative,3
644,negative,4
644,negative,5
644,negative,6
644,positive,7
644,negative,8
645,neutral,1
645,negative,2
645,negative,3
645,negative,4
645,negative,5
645,negative,6
645,negative,7
645,negative,8
646,neutral,1
646,neutral,2
646,positive,3
646,neutral,4
646,positive,5
646,negative,6
646,neutral,7
646,positive,8
647,negative,1
647,negative,2
647,negative,3
647,negative,4
647,positive,5
647,negative,6
647,negative,7
647,negative,8
650,positive,1
650,neutral,2
650,neutral,3
650,negative,4
650,positive,5
650,negative,6
650,negative,7
650,neutral,8
651,negative,1
651,neutral,2
651,negative,3
651,negative,4
651,negative,5
651,negative,6
651,positive,7
651,negative,8
653,positive,1
653,neutral,2
653,negative,3
653,positive,4
653,negative,5
653,positive,6
653,positive,7
653,negative,8
654,positive,1
654,negative,2
654,negative,3
654,positive,4
654,neutral,5
654,negative,6
654,positive,7
654,negative,8
655,positive,1
655,neutral,2
655,neutral,3
655,positive,4
655,positive,5
655,positive,6
655,positive,7
655,neutral,8
660,positive,1
660,neutral,2
660,negative,3
660,negative,4
660,negative,5
660,positive,6
660,positive,7
660,negative,8
664,neutral,1
664,neutral,2
664,negative,3
664,negative,4
664,positive,5
664,positive,6
664,negative,7
664,negative,8
665,positive,1
665,positive,2
665,neutral,3
665,negative,4
665,positive,5
665,negative,6
665,positive,7
665,neutral,8
667,positive,1
667,positive,2
667,positive,3
667,positive,4
667,positive,5
667,positive,6
667,positive,7
667,positive,8
669,positive,1
669,neutral,2
669,neutral,3
669,negative,4
669,neutral,5
669,neutral,6
669,neutral,7
669,neutral,8
670,neutral,1
670,neutral,2
670,neutral,3
670,positive,4
670,positive,5
670,negative,6
670,positive,7
670,neutral,8
671,positive,1
671,neutral,2
671,neutral,3
671,positive,4
671,positive,5
671,negative,6
671,neutral,7
671,neutral,8
672,neutral,1
672,neutral,2
672,negative,3
672,positive,4
672,positive,5
672,negative,6
672,neutral,7
672,negative,8
674,neutral,1
674,negative,2
674,negative,3
674,negative,4
674,negative,5
674,negative,6
674,negative,7
674,negative,8
675,positive,1
675,neutral,2
675,positive,3
675,positive,4
675,positive,5
675,positive,6
675,positive,7
675,positive,8
676,neutral,1
676,negative,2
676,negative,3
676,negative,4
676,negative,5
676,negative,6
676,negative,7
676,negative,8
678,positive,1
678,neutral,2
678,negative,3
678,neutral,4
678,negative,5
678,negative,6
678,negative,7
678,negative,8
679,negative,1
679,neutral,2
679,positive,3
679,positive,4
679,negative,5
679,positive,6
679,negative,7
679,positive,8
680,negative,1
680,positive,2
680,negative,3
680,positive,4
680,negative,5
680,negative,6
680,positive,7
680,negative,8
681,positive,1
681,neutral,2
681,neutral,3
681,negative,4
681,positive,5
681,positive,6
681,neutral,7
681,neutral,8
682,negative,1
682,negative,2
682,negative,3
682,negative,4
682,negative,5
682,negative,6
682,positive,7
682,negative,8
683,positive,1
683,positive,2
683,positive,3
683,positive,4
683,positive,5
683,positive,6
683,positive,7
683,positive,8
684,positive,1
684,neutral,2
684,neutral,3
684,neutral,4
684,negative,5
684,positive,6
684,negative,7
684,neutral,8
685,neutral,1
685,negative,2
685,negative,3
685,neutral,4
685,negative,5
685,negative,6
685,neutral,7
685,negative,8
686,neutral,1
686,negative,2
686,negative,3
686,negative,4
686,negative,5
686,negative,6
686,negative,7
686,negative,8
688,positive,1
688,neutral,2
688,neutral,3
688,neutral,4
688,neutral,5
688,negative,6
688,positive,7
688,neutral,8
689,neutral,1
689,negative,2
689,negative,3
689,negative,4
689,negative,5
689,positive,6
689,positive,7
689,negative,8
690,negative,1
690,negative,2
690,negative,3
690,negative,4
690,negative,5
690,negative,6
690,negative,7
690,negative,8
691,positive,1
691,neutral,2
691,neutral,3
691,positive,4
691,positive,5
691,positive,6
691,negative,7
691,neutral,8
692,neutral,1
692,neutral,2
692,neutral,3
692,positive,4
692,negative,5
692,negative,6
692,positive,7
692,neutral,8
693,neutral,1
693,neutral,2
693,neutral,3
693,positive,4
693,positive,5
693,positive,6
693,neutral,7
693,neutral,8
695,positive,1
695,neutral,2
695,negative,3
695,positive,4
695,negative,5
695,negative,6
695,positive,7
695,negative,8
696,neutral,1
696,neutral,2
696,neutral,3
696,positive,4
696,positive,5
696,negative,6
696,positive,7
696,neutral,8
697,negative,1
697,negative,2
697,negative,3
697,negative,4
697,negative,5
697,positive,6
697,positive,7
697,negative,8
698,negative,1
698,negative,2
698,negative,3
698,negative,4
698,negative,5
698,negative,6
698,negative,7
698,negative,8
699,positive,1
699,neutral,2
699,neutral,3
699,positive,4
699,negative,5
699,positive,6
699,positive,7
699,neutral,8
700,neutral,1
700,neutral,2
700,negative,3
700,negative,4
700,neutral,5
700,positive,6
700,negative,7
700,negative,8
701,positive,1
701,neutral,2
701,neutral,3
701,positive,4
701,positive,5
701,neutral,6
701,neutral,7
701,neutral,8
703,positive,1
703,neutral,2
703,neutral,3
703,neutral,4
703,positive,5
703,negative,6
703,neutral,7
703,neutral,8
704,positive,1
704,neutral,2
704,negative,3
704,positive,4
704,negative,5
704,negative,6
704,neutral,7
704,negative,8
706,positive,1
706,negative,2
706,neutral,3
706,negative,4
706,positive,5
706,negative,6
706,negative,7
706,neutral,8
707,neutral,1
707,negative,2
707,negative,3
707,negative,4
707,negative,5
707,negative,6
707,positive,7
707,negative,8
708,negative,1
708,negative,2
708,negative,3
708,negative,4
708,positive,5
708,negative,6
708,negative,7
708,negative,8
710,neutral,1
710,neutral,2
710,neutral,3
710,neutral,4
710,positive,5
710,positive,6
710,positive,7
710,neutral,8
711,positive,1
711,neutral,2
711,negative,3
711,positive,4
711,positive,5
711,positive,6
711,negative,7
711,negative,8
712,neutral,1
712,neutral,2
712,negative,3
712,negative,4
712,positive,5
712,negative,6
712,neutral,7
712,negative,8
713,neutral,1
713,neutral,2
713,neutral,3
713,positive,4
713,positive,5
713,positive,6
713,positive,7
713,neutral,8
715,neutral,1
715,negative,2
715,negative,3
715,negative,4
715,negative,5
715,negative,6
715,positive,7
715,negative,8
716,neutral,1
716,negative,2
716,negative,3
716,negative,4
716,negative,5
716,negative,6
716,negative,7
716,negative,8
717,positive,1
717,positive,2
717,positive,3
717,positive,4
717,positive,5
717,neutral,6
717,neutral,7
717,positive,8
718,positive,1
718,negative,2
718,negative,3
718,negative,4
718,negative,5
718,positive,6
718,positive,7
718,negative,8
719,positive,1
719,positive,2
719,negative,3
719,negative,4
719,positive,5
719,positive,6
719,negative,7
719,negative,8
721,positive,1
721,neutral,2
721,neutral,3
721,positive,4
721,positive,5
721,negative,6
721,negative,7
721,neutral,8
722,positive,1
722,neutral,2
722,neutral,3
722,neutral,4
722,neutral,5
722,neutral,6
722,neutral,7
722,neutral,8
724,neutral,1
724,positive,2
724,neutral,3
724,positive,4
724,positive,5
724,positive,6
724,positive,7
724,neutral,8
725,positive,1
725,neutral,2
725,negative,3
725,positive,4
725,positive,5
725,negative,6
725,negative,7
725,negative,8
726,positive,1
726,neutral,2
726,neutral,3
726,negative,4
726,positive,5
726,negative,6
726,positive,7
726,neutral,8
727,positive,1
727,neutral,2
727,neutral,3
727,neutral,4
727,positive,5
727,positive,6
727,neutral,7
727,neutral,8
728,positive,1
728,positive,2
728,neutral,3
728,positive,4
728,negative,5
728,negative,6
728,negative,7
728,neutral,8
730,positive,1
730,positive,2
730,neutral,3
730,positive,4
730,neutral,5
730,positive,6
730,neutral,7
730,neutral,8
731,neutral,1
731,negative,2
731,negative,3
731,negative,4
731,positive,5
731,negative,6
731,negative,7
731,negative,8
733,positive,1
733,neutral,2
733,positive,3
733,positive,4
733,positive,5
733,negative,6
733,positive,7
733,positive,8
734,neutral,1
734,negative,2
734,negative,3
734,positive,4
734,negative,5
734,negative,6
734,negative,7
734,negative,8
735,negative,1
735,negative,2
735,negative,3
735,negative,4
735,negative,5
735,negative,6
735,negative,7
735,negative,8
736,neutral,1
736,neutral,2
736,neutral,3
736,positive,4
736,positive,5
736,negative,6
736,neutral,7
736,neutral,8
737,positive,1
737,neutral,2
737,neutral,3
737,positive,4
737,negative,5
737,negative,6
737,positive,7
737,neutral,8
738,negative,1
738,negative,2
738,negative,3
738,negative,4
738,positive,5
738,positive,6
738,negative,7
738,negative,8
740,neutral,1
740,neutral,2
740,negative,3
740,negative,4
740,positive,5
740,positive,6
740,neutral,7
740,negative,8
743,neutral,1
743,neutral,2
743,neutral,3
743,neutral,4
743,positive,5
743,neutral,6
743,neutral,7
743,neutral,8
745,neutral,1
745,negative,2
745,negative,3
745,negative,4
745,negative,5
745,negative,6
745,positive,7
745,negative,8
746,neutral,1
746,neutral,2
746,negative,3
746,positive,4
746,negative,5
746,negative,6
746,negative,7
746,negative,8
748,positive,1
748,positive,2
748,neutral,3
748,positive,4
748,negative,5
748,negative,6
748,positive,7
748,neutral,8
749,neutral,1
749,neutral,2
749,neutral,3
749,neutral,4
749,positive,5
749,positive,6
749,negative,7
749,neutral,8
750,negative,1
750,negative,2
750,negative,3
750,positive,4
750,negative,5
750,negative,6
750,neutral,7
750,negative,8
752,neutral,1
752,negative,2
752,negative,3
752,negative,4
752,negative,5
752,negative,6
752,negative,7
752,negative,8
753,negative,1
753,negative,2
753,negative,3
753,negative,4
753,negative,5
753,negative,6
753,negative,7
753,negative,8
754,positive,1
754,neutral,2
754,positive,3
754,neutral,4
754,positive,5
754,positive,6
754,positive,7
754,positive,8
755,positive,1
755,neutral,2
755,neutral,3
755,positive,4
755,negative,5
755,positive,6
755,neutral,7
755,neutral,8
757,negative,1
757,negative,2
757,negative,3
757,positive,4
757,negative,5
757,negative,6
757,negative,7
757,negative,8
758,neutral,1
758,negative,2
758,negative,3
758,negative,4
758,negative,5
758,negative,6
758,positive,7
758,negative,8
762,negative,1
762,negative,2
762,negative,3
762,positive,4
762,neutral,5
762,negative,6
762,positive,7
762,negative,8
764,positive,1
764,neutral,2
764,neutral,3
764,positive,4
764,positive,5
764,negative,6
764,neutral,7
764,neutral,8
765,neutral,1
765,neutral,2
765,negative,3
765,negative,4
765,negative,5
765,negative,6
765,positive,7
765,negative,8
766,positive,1
766,neutral,2
766,negative,3
766,positive,4
766,negative,5
766,negative,6
766,neutral,7
766,negative,8
767,neutral,1
767,neutral,2
767,negative,3
767,negative,4
767,negative,5
767,positive,6
767,negative,7
767,negative,8
769,positive,1
769,positive,2
769,negative,3
769,positive,4
769,positive,5
769,positive,6
769,negative,7
769,negative,8
770,neutral,1
770,neutral,2
770,negative,3
770,negative,4
770,negative,5
770,negative,6
770,positive,7
770,negative,8
772,neutral,1
772,neutral,2
772,neutral,3
772,positive,4
772,positive,5
772,positive,6
772,positive,7
772,neutral,8
774,positive,1
774,positive,2
774,positive,3
774,positive,4
774,positive,5
774,negative,6
774,negative,7
774,positive,8
775,negative,1
775,negative,2
775,negative,3
775,negative,4
775,negative,5
775,negative,6
775,negative,7
775,negative,8
776,positive,1
776,neutral,2
776,neutral,3
776,positive,4
776,negative,5
776,negative,6
776,neutral,7
776,neutral,8
777,negative,1
777,negative,2
777,negative,3
777,negative,4
777,negative,5
777,negative,6
777,negative,7
777,negative,8
778,neutral,1
778,neutral,2
778,negative,3
778,negative,4
778,neutral,5
778,neutral,6
778,negative,7
778,negative,8
779,neutral,1
779,positive,2
779,negative,3
779,negative,4
779,positive,5
779,positive,6
779,positive,7
779,negative,8
780,negative,1
780,negative,2
780,neutral,3
780,positive,4
780,negative,5
780,negative,6
780,negative,7
780,neutral,8
782,positive,1
782,negative,2
782,negative,3
782,negative,4
782,negative,5
782,negative,6
782,negative,7
782,negative,8
783,positive,1
783,neutral,2
783,neutral,3
783,negative,4
783,negative,5
783,negative,6
783,neutral,7
783,neutral,8
786,negative,1
786,negative,2
786,neutral,3
786,neutral,4
786,positive,5
786,neutral,6
786,neutral,7
786,neutral,8
787,neutral,1
787,negative,2
787,negative,3
787,positive,4
787,positive,5
787,negative,6
787,positive,7
787,negative,8
788,negative,1
788,negative,2
788,neutral,3
788,negative,4
788,negative,5
788,negative,6
788,positive,7
788,neutral,8
789,neutral,1
789,positive,2
789,negative,3
789,neutral,4
789,neutral,5
789,negative,6
789,positive,7
789,negative,8
790,neutral,1
790,negative,2
790,negative,3
790,negative,4
790,negative,5
790,negative,6
790,positive,7
790,negative,8
791,positive,1
791,neutral,2
791,neutral,3
791,neutral,4
791,positive,5
791,positive,6
791,negative,7
791,neutral,8
793,positive,1
793,neutral,2
793,neutral,3
793,positive,4
793,negative,5
793,negative,6
793,positive,7
793,neutral,8
794,neutral,1
794,neutral,2
794,negative,3
794,negative,4
794,negative,5
794,negative,6
794,positive,7
794,negative,8
796,positive,1
796,neutral,2
796,neutral,3
796,negative,4
796,neutral,5
796,neutral,6
796,negative,7
796,neutral,8
798,neutral,1
798,negative,2
798,negative,3
798,negative,4
798,negative,5
798,negative,6
798,positive,7
798,negative,8
799,neutral,1
799,neutral,2
799,neutral,3
799,positive,4
799,positive,5
799,positive,6
799,neutral,7
799,neutral,8
802,positive,1
802,neutral,2
802,neutral,3
802,neutral,4
802,positive,5
802,negative,6
802,positive,7
802,neutral,8
810,neutral,1
810,neutral,2
810,negative,3
810,neutral,4
810,positive,5
810,positive,6
810,positive,7
810,negative,8
811,positive,1
811,neutral,2
811,neutral,3
811,positive,4
811,positive,5
811,positive,6
811,positive,7
811,neutral,8
812,positive,1
812,neutral,2
812,negative,3
812,positive,4
812,positive,5
812,negative,6
812,positive,7
812,negative,8
813,neutral,1
813,neutral,2
813,negative,3
813,positive,4
813,negative,5
813,positive,6
813,positive,7
813,negative,8
815,neutral,1
815,neutral,2
815,neutral,3
815,positive,4
815,positive,5
815,positive,6
815,positive,7
815,neutral,8
816,neutral,1
816,negative,2
816,negative,3
816,negative,4
816,negative,5
816,negative,6
816,negative,7
816,negative,8
817,positive,1
817,neutral,2
817,neutral,3
817,negative,4
817,positive,5
817,positive,6
817,neutral,7
817,neutral,8
819,positive,1
819,negative,2
819,neutral,3
819,negative,4
819,negative,5
819,positive,6
819,positive,7
819,neutral,8
820,positive,1
820,negative,2
820,negative,3
820,positive,4
820,negative,5
820,positive,6
820,negative,7
820,negative,8
821,neutral,1
821,neutral,2
821,positive,3
821,negative,4
821,negative,5
821,neutral,6
821,neutral,7
821,positive,8
822,positive,1
822,neutral,2
822,negative,3
822,neutral,4
822,positive,5
822,negative,6
822,positive,7
822,negative,8
823,positive,1
823,neutral,2
823,negative,3
823,negative,4
823,positive,5
823,negative,6
823,positive,7
823,negative,8
829,positive,1
829,negative,2
829,negative,3
829,positive,4
829,negative,5
829,negative,6
829,neutral,7
829,negative,8
830,positive,1
830,positive,2
830,positive,3
830,positive,4
830,positive,5
830,positive,6
830,positive,7
830,positive,8
832,neutral,1
832,neutral,2
832,neutral,3
832,neutral,4
832,positive,5
832,positive,6
832,positive,7
832,neutral,8
834,positive,1
834,neutral,2
834,positive,3
834,positive,4
834,positive,5
834,positive,6
834,positive,7
834,positive,8
835,positive,1
835,neutral,2
835,neutral,3
835,positive,4
835,positive,5
835,negative,6
835,positive,7
835,neutral,8
836,negative,1
836,negative,2
836,negative,3
836,negative,4
836,negative,5
836,negative,6
836,negative,7
836,negative,8
837,neutral,1
837,neutral,2
837,negative,3
837,positive,4
837,neutral,5
837,negative,6
837,neutral,7
837,negative,8
839,negative,1
839,neutral,2
839,neutral,3
839,positive,4
839,positive,5
839,negative,6
839,positive,7
839,neutral,8
840,positive,1
840,positive,2
840,positive,3
840,positive,4
840,positive,5
840,positive,6
840,positive,7
840,positive,8
841,negative,1
841,negative,2
841,negative,3
841,negative,4
841,negative,5
841,positive,6
841,negative,7
841,negative,8
842,negative,1
842,positive,2
842,negative,3
842,negative,4
842,negative,5
842,negative,6
842,neutral,7
842,negative,8
843,positive,1
843,neutral,2
843,neutral,3
843,positive,4
843,positive,5
843,negative,6
843,negative,7
843,neutral,8
844,neutral,1
844,negative,2
844,negative,3
844,negative,4
844,negative,5
844,positive,6
844,neutral,7
844,negative,8
845,negative,1
845,negative,2
845,negative,3
845,negative,4
845,negative,5
845,negative,6
845,negative,7
845,negative,8
846,neutral,1
846,neutral,2
846,neutral,3
846,neutral,4
846,neutral,5
846,positive,6
846,positive,7
846,neutral,8
848,positive,1
848,positive,2
848,positive,3
848,positive,4
848,positive,5
848,positive,6
848,positive,7
848,positive,8
849,negative,1
849,negative,2
849,negative,3
849,negative,4
849,negative,5
849,negative,6
849,negative,7
849,negative,8
850,positive,1
850,neutral,2
850,positive,3
850,positive,4
850,positive,5
850,positive,6
850,negative,7
850,positive,8
852,neutral,1
852,neutral,2
852,negative,3
852,positive,4
852,positive,5
852,positive,6
852,neutral,7
852,negative,8
853,neutral,1
853,neutral,2
853,negative,3
853,positive,4
853,positive,5
853,negative,6
853,negative,7
853,negative,8
854,neutral,1
854,neutral,2
854,negative,3
854,negative,4
854,positive,5
854,positive,6
854,positive,7
854,negative,8
855,positive,1
855,neutral,2
855,negative,3
855,positive,4
855,positive,5
855,positive,6
855,neutral,7
855,negative,8
856,neutral,1
856,neutral,2
856,neutral,3
856,negative,4
856,negative,5
856,negative,6
856,negative,7
856,neutral,8
858,neutral,1
858,neutral,2
858,negative,3
858,negative,4
858,negative,5
858,negative,6
858,negative,7
858,negative,8
859,neutral,1
859,positive,2
859,positive,3
859,positive,4
859,positive,5
859,positive,6
859,positive,7
859,positive,8
860,positive,1
860,positive,2
860,negative,3
860,neutral,4
860,positive,5
860,negative,6
860,positive,7
860,negative,8
861,neutral,1
861,neutral,2
861,negative,3
861,positive,4
861,neutral,5
861,neutral,6
861,positive,7
861,negative,8
862,neutral,1
862,neutral,2
862,neutral,3
862,positive,4
862,positive,5
862,positive,6
862,neutral,7
862,neutral,8
863,positive,1
863,neutral,2
863,negative,3
863,positive,4
863,positive,5
863,positive,6
863,positive,7
863,negative,8
864,positive,1
864,positive,2
864,positive,3
864,positive,4
864,positive,5
864,positive,6
864,positive,7
864,positive,8
866,negative,1
866,negative,2
866,negative,3
866,neutral,4
866,negative,5
866,negative,6
866,positive,7
866,negative,8
867,neutral,1
867,negative,2
867,negative,3
867,negative,4
867,neutral,5
867,negative,6
867,negative,7
867,negative,8
868,neutral,1
868,neutral,2
868,neutral,3
868,positive,4
868,positive,5
868,neutral,6
868,positive,7
868,neutral,8
869,positive,1
869,negative,2
869,negative,3
869,negative,4
869,negative,5
869,positive,6
869,negative,7
869,negative,8
870,negative,1
870,negative,2
870,negative,3
870,negative,4
870,neutral,5
870,positive,6
870,positive,7
870,negative,8
871,negative,1
871,negative,2
871,negative,3
871,negative,4
871,negative,5
871,negative,6
871,negative,7
871,negative,8
872,positive,1
872,neutral,2
872,neutral,3
872,positive,4
872,positive,5
872,positive,6
872,neutral,7
872,neutral,8
874,neutral,1
874,negative,2
874,negative,3
874,negative,4
874,negative,5
874,negative,6
874,positive,7
874,negative,8
875,positive,1
875,neutral,2
875,negative,3
875,negative,4
875,positive,5
875,positive,6
875,neutral,7
875,negative,8
876,positive,1
876,neutral,2
876,negative,3
876,neutral,4
876,neutral,5
876,neutral,6
876,negative,7
876,negative,8
877,neutral,1
877,neutral,2
877,negative,3
877,positive,4
877,negative,5
877,negative,6
877,neutral,7
877,negative,8
878,negative,1
878,negative,2
878,negative,3
878,positive,4
878,positive,5
878,neutral,6
878,neutral,7
878,negative,8
879,neutral,1
879,neutral,2
879,neutral,3
879,positive,4
879,positive,5
879,negative,6
879,positive,7
879,neutral,8
880,neutral,1
880,negative,2
880,negative,3
880,negative,4
880,negative,5
880,negative,6
880,negative,7
880,negative,8
881,negative,1
881,negative,2
881,negative,3
881,negative,4
881,positive,5
881,negative,6
881,positive,7
881,negative,8
882,neutral,1
882,neutral,2
882,negative,3
882,positive,4
882,negative,5
882,neutral,6
882,positive,7
882,negative,8
883,positive,1
883,negative,2
883,negative,3
883,negative,4
883,positive,5
883,negative,6
883,neutral,7
883,negative,8
884,positive,1
884,neutral,2
884,negative,3
884,negative,4
884,negative,5
884,negative,6
884,neutral,7
884,negative,8
885,neutral,1
885,neutral,2
885,neutral,3
885,negative,4
885,positive,5
885,neutral,6
885,positive,7
885,neutral,8
886,negative,1
886,negative,2
886,negative,3
886,negative,4
886,negative,5
886,positive,6
886,negative,7
886,negative,8
887,neutral,1
887,negative,2
887,negative,3
887,negative,4
887,positive,5
887,positive,6
887,negative,7
887,negative,8
888,neutral,1
888,neutral,2
888,neutral,3
888,neutral,4
888,positive,5
888,neutral,6
888,positive,7
888,neutral,8
889,neutral,1
889,negative,2
889,negative,3
889,negative,4
889,negative,5
889,negative,6
889,positive,7
889,negative,8
890,positive,1
890,neutral,2
890,negative,3
890,positive,4
890,positive,5
890,negative,6
890,neutral,7
890,negative,8
891,positive,1
891,neutral,2
891,neutral,3
891,negative,4
891,positive,5
891,positive,6
891,positive,7
891,neutral,8
892,neutral,1
892,neutral,2
892,negative,3
892,negative,4
892,negative,5
892,positive,6
892,negative,7
892,negative,8
893,positive,1
893,neutral,2
893,neutral,3
893,positive,4
893,positive,5
893,negative,6
893,neutral,7
893,neutral,8
894,positive,1
894,neutral,2
894,neutral,3
894,negative,4
894,positive,5
894,neutral,6
894,positive,7
894,neutral,8
895,neutral,1
895,negative,2
895,negative,3
895,negative,4
895,neutral,5
895,negative,6
895,positive,7
895,negative,8
896,positive,1
896,neutral,2
896,negative,3
896,positive,4
896,negative,5
896,negative,6
896,positive,7
896,negative,8
897,neutral,1
897,positive,2
897,neutral,3
897,positive,4
897,positive,5
897,positive,6
897,positive,7
897,neutral,8
898,neutral,1
898,neutral,2
898,neutral,3
898,negative,4
898,negative,5
898,negative,6
898,negative,7
898,neutral,8
899,neutral,1
899,neutral,2
899,neutral,3
899,neutral,4
899,negative,5
899,positive,6
899,neutral,7
899,neutral,8
900,positive,1
900,neutral,2
900,neutral,3
900,positive,4
900,negative,5
900,negative,6
900,negative,7
900,neutral,8
901,positive,1
901,positive,2
901,neutral,3
901,positive,4
901,neutral,5
901,negative,6
901,neutral,7
901,neutral,8
903,negative,1
903,negative,2
903,negative,3
903,negative,4
903,negative,5
903,negative,6
903,positive,7
903,negative,8
904,negative,1
904,negative,2
904,negative,3
904,negative,4
904,negative,5
904,negative,6
904,negative,7
904,negative,8
905,neutral,1
905,neutral,2
905,negative,3
905,neutral,4
905,negative,5
905,positive,6
905,neutral,7
905,negative,8
906,positive,1
906,neutral,2
906,neutral,3
906,positive,4
906,positive,5
906,positive,6
906,positive,7
906,neutral,8
907,neutral,1
907,neutral,2
907,neutral,3
907,positive,4
907,positive,5
907,negative,6
907,positive,7
907,neutral,8
908,neutral,1
908,neutral,2
908,negative,3
908,negative,4
908,positive,5
908,positive,6
908,positive,7
908,negative,8
912,negative,1
912,negative,2
912,negative,3
912,negative,4
912,negative,5
912,negative,6
912,negative,7
912,negative,8
913,positive,1
913,positive,2
913,positive,3
913,positive,4
913,positive,5
913,negative,6
913,positive,7
913,positive,8
914,negative,1
914,negative,2
914,negative,3
914,negative,4
914,negative,5
914,neutral,6
914,positive,7
914,negative,8
915,neutral,1
915,neutral,2
915,positive,3
915,positive,4
915,positive,5
915,negative,6
915,neutral,7
915,positive,8
916,negative,1
916,negative,2
916,negative,3
916,negative,4
916,negative,5
916,negative,6
916,negative,7
916,negative,8
917,positive,1
917,neutral,2
917,neutral,3
917,positive,4
917,positive,5
917,positive,6
917,neutral,7
917,neutral,8
918,positive,1
918,neutral,2
918,positive,3
918,positive,4
918,positive,5
918,negative,6
918,neutral,7
918,positive,8
919,positive,1
919,neutral,2
919,neutral,3
919,positive,4
919,positive,5
919,positive,6
919,neutral,7
919,neutral,8
920,neutral,1
920,neutral,2
920,positive,3
920,positive,4
920,positive,5
920,positive,6
920,neutral,7
920,positive,8
921,positive,1
921,neutral,2
921,neutral,3
921,positive,4
921,positive,5
921,positive,6
921,negative,7
921,neutral,8
922,negative,1
922,negative,2
922,negative,3
922,negative,4
922,negative,5
922,negative,6
922,neutral,7
922,negative,8
923,neutral,1
923,neutral,2
923,neutral,3
923,neutral,4
923,negative,5
923,negative,6
923,positive,7
923,neutral,8
924,neutral,1
924,neutral,2
924,negative,3
924,positive,4
924,positive,5
924,negative,6
924,neutral,7
924,negative,8
925,neutral,1
925,neutral,2
925,neutral,3
925,neutral,4
925,positive,5
925,positive,6
925,positive,7
925,neutral,8
926,negative,1
926,negative,2
926,negative,3
926,negative,4
926,negative,5
926,negative,6
926,positive,7
926,negative,8
927,neutral,1
927,negative,2
927,negative,3
927,negative,4
927,negative,5
927,negative,6
927,positive,7
927,negative,8
928,negative,1
928,negative,2
928,negative,3
928,negative,4
928,negative,5
928,positive,6
928,negative,7
928,negative,8
930,neutral,1
930,negative,2
930,negative,3
930,negative,4
930,positive,5
930,negative,6
930,positive,7
930,negative,8
931,positive,1
931,neutral,2
931,negative,3
931,positive,4
931,neutral,5
931,negative,6
931,negative,7
931,negative,8
932,neutral,1
932,neutral,2
932,neutral,3
932,positive,4
932,positive,5
932,positive,6
932,neutral,7
932,neutral,8
934,negative,1
934,negative,2
934,negative,3
934,neutral,4
934,negative,5
934,negative,6
934,negative,7
934,negative,8
935,positive,1
935,negative,2
935,negative,3
935,negative,4
935,negative,5
935,negative,6
935,positive,7
935,negative,8
936,neutral,1
936,neutral,2
936,negative,3
936,positive,4
936,negative,5
936,positive,6
936,negative,7
936,negative,8
937,neutral,1
937,neutral,2
937,negative,3
937,negative,4
937,negative,5
937,negative,6
937,positive,7
937,negative,8
938,positive,1
938,neutral,2
938,negative,3
938,positive,4
938,positive,5
938,positive,6
938,neutral,7
938,negative,8
939,positive,1
939,neutral,2
939,neutral,3
939,positive,4
939,positive,5
939,neutral,6
939,positive,7
939,neutral,8
940,positive,1
940,positive,2
940,negative,3
940,positive,4
940,negative,5
940,negative,6
940,negative,7
940,negative,8
941,neutral,1
941,neutral,2
941,neutral,3
941,neutral,4
941,neutral,5
941,positive,6
941,positive,7
941,neutral,8
942,positive,1
942,neutral,2
942,neutral,3
942,neutral,4
942,negative,5
942,positive,6
942,neutral,7
942,neutral,8
943,negative,1
943,negative,2
943,negative,3
943,negative,4
943,negative,5
943,negative,6
943,negative,7
943,negative,8
944,positive,1
944,positive,2
944,positive,3
944,positive,4
944,positive,5
944,positive,6
944,positive,7
944,positive,8
946,positive,1
946,negative,2
946,negative,3
946,positive,4
946,negative,5
946,positive,6
946,neutral,7
946,negative,8
947,negative,1
947,negative,2
947,negative,3
947,negative,4
947,positive,5
947,negative,6
947,positive,7
947,negative,8
948,neutral,1
948,neutral,2
948,neutral,3
948,positive,4
948,negative,5
948,positive,6
948,positive,7
948,neutral,8
950,neutral,1
950,neutral,2
950,neutral,3
950,positive,4
950,positive,5
950,negative,6
950,positive,7
950,neutral,8
951,positive,1
951,neutral,2
951,negative,3
951,positive,4
951,negative,5
951,positive,6
951,positive,7
951,negative,8
952,negative,1
952,negative,2
952,neutral,3
952,negative,4
952,negative,5
952,negative,6
952,neutral,7
952,neutral,8
953,negative,1
953,negative,2
953,negative,3
953,negative,4
953,negative,5
953,negative,6
953,positive,7
953,negative,8
954,positive,1
954,positive,2
954,negative,3
954,positive,4
954,negative,5
954,negative,6
954,positive,7
954,negative,8
955,neutral,1
955,negative,2
955,negative,3
955,positive,4
955,positive,5
955,negative,6
955,negative,7
955,negative,8
956,positive,1
956,neutral,2
956,neutral,3
956,neutral,4
956,positive,5
956,positive,6
956,positive,7
956,neutral,8
957,neutral,1
957,negative,2
957,negative,3
957,negative,4
957,positive,5
957,negative,6
957,negative,7
957,negative,8
961,positive,1
961,neutral,2
961,neutral,3
961,positive,4
961,neutral,5
961,positive,6
961,positive,7
961,neutral,8
962,neutral,1
962,neutral,2
962,neutral,3
962,negative,4
962,neutral,5
962,positive,6
962,neutral,7
962,neutral,8
963,positive,1
963,positive,2
963,positive,3
963,positive,4
963,positive,5
963,positive,6
963,positive,7
963,positive,8
964,neutral,1
964,neutral,2
964,neutral,3
964,positive,4
964,positive,5
964,negative,6
964,positive,7
964,neutral,8
965,positive,1
965,neutral,2
965,positive,3
965,positive,4
965,neutral,5
965,neutral,6
965,neutral,7
965,positive,8
967,positive,1
967,neutral,2
967,neutral,3
967,positive,4
967,negative,5
967,positive,6
967,positive,7
967,neutral,8
968,negative,1
968,negative,2
968,negative,3
968,negative,4
968,positive,5
968,negative,6
968,positive,7
968,negative,8
969,neutral,1
969,positive,2
969,neutral,3
969,positive,4
969,neutral,5
969,positive,6
969,positive,7
969,neutral,8
970,negative,1
970,negative,2
970,negative,3
970,negative,4
970,negative,5
970,negative,6
970,positive,7
970,negative,8
971,neutral,1
971,negative,2
971,neutral,3
971,negative,4
971,positive,5
971,negative,6
971,positive,7
971,neutral,8
972,negative,1
972,negative,2
972,negative,3
972,negative,4
972,negative,5
972,negative,6
972,negative,7
972,negative,8
973,positive,1
973,neutral,2
973,neutral,3
973,negative,4
973,negative,5
973,negative,6
973,positive,7
973,neutral,8
974,positive,1
974,neutral,2
974,neutral,3
974,positive,4
974,positive,5
974,negative,6
974,neutral,7
974,neutral,8
975,positive,1
975,neutral,2
975,negative,3
975,negative,4
975,negative,5
975,negative,6
975,negative,7
975,negative,8
976,negative,1
976,neutral,2
976,negative,3
976,negative,4
976,neutral,5
976,positive,6
976,negative,7
976,negative,8
977,positive,1
977,positive,2
977,neutral,3
977,positive,4
977,positive,5
977,negative,6
977,neutral,7
977,neutral,8
978,neutral,1
978,negative,2
978,negative,3
978,negative,4
978,negative,5
978,negative,6
978,negative,7
978,negative,8
979,negative,1
979,negative,2
979,neutral,3
979,positive,4
979,positive,5
979,negative,6
979,positive,7
979,neutral,8
981,positive,1
981,neutral,2
981,positive,3
981,neutral,4
981,positive,5
981,negative,6
981,positive,7
981,positive,8
982,positive,1
982,positive,2
982,negative,3
982,negative,4
982,positive,5
982,negative,6
982,positive,7
982,negative,8
984,positive,1
984,neutral,2
984,neutral,3
984,positive,4
984,positive,5
984,positive,6
984,positive,7
984,neutral,8
986,neutral,1
986,neutral,2
986,positive,3
986,neutral,4
986,positive,5
986,positive,6
986,positive,7
986,positive,8
987,positive,1
987,neutral,2
987,neutral,3
987,positive,4
987,positive,5
987,negative,6
987,positive,7
987,neutral,8
988,positive,1
988,neutral,2
988,neutral,3
988,neutral,4
988,negative,5
988,negative,6
988,neutral,7
988,neutral,8
989,negative,1
989,positive,2
989,neutral,3
989,positive,4
989,positive,5
989,positive,6
989,positive,7
989,neutral,8
990,neutral,1
990,neutral,2
990,positive,3
990,negative,4
990,positive,5
990,negative,6
990,neutral,7
990,positive,8
991,positive,1
991,neutral,2
991,neutral,3
991,positive,4
991,negative,5
991,negative,6
991,positive,7
991,neutral,8
992,neutral,1
992,neutral,2
992,negative,3
992,positive,4
992,positive,5
992,negative,6
992,neutral,7
992,negative,8
993,positive,1
993,neutral,2
993,negative,3
993,positive,4
993,positive,5
993,negative,6
993,negative,7
993,negative,8
994,negative,1
994,neutral,2
994,negative,3
994,negative,4
994,positive,5
994,positive,6
994,negative,7
994,negative,8
995,negative,1
995,negative,2
995,negative,3
995,negative,4
995,positive,5
995,negative,6
995,neutral,7
995,negative,8
997,positive,1
997,neutral,2
997,neutral,3
997,neutral,4
997,positive,5
997,negative,6
997,neutral,7
997,neutral,8
999,negative,1
999,negative,2
999,negative,3
999,negative,4
999,negative,5
999,positive,6
999,positive,7
999,negative,8
NA,negative,1
NA,negative,2
NA,negative,3
NA,negative,4
NA,negative,5
NA,negative,6
NA,negative,7
NA,negative,8
